Commodity,Jul-03,Aug-03,Sep-03,Oct-03,Nov-03,Dec-03,Jan-04,Feb-04,Mar-04,Apr-04,May-04,Jun-04,Jul-04,Aug-04,Sep-04,Oct-04,Nov-04,Dec-04,Jan-05,Feb-05,Mar-05,Apr-05,May-05,Jun-05,Jul-05,Aug-05,Sep-05,Oct-05,Nov-05,Dec-05,Jan-06,Feb-06,Mar-06,Apr-06,May-06,Jun-06,Jul-06,Aug-06,Sep-06,Oct-06,Nov-06,Dec-06,Jan-07,Feb-07,Mar-07,Apr-07,May-07,Jun-07,Jul-07,Aug-07,Sep-07,Oct-07,Nov-07,Dec-07,Jan-08,Feb-08,Mar-08,Apr-08,May-08,Jun-08,Jul-08,Aug-08,Sep-08,Oct-08,Nov-08,Dec-08,Jan-09,Feb-09,Mar-09,Apr-09,May-09,Jun-09,Jul-09,Aug-09,Sep-09,Oct-09,Nov-09,Dec-09,Jan-10,Feb-10,Mar-10,Apr-10,May-10,Jun-10,Jul-10,Aug-10,Sep-10,Oct-10,Nov-10,Dec-10,Jan-11,Feb-11,Mar-11,Apr-11,May-11,Jun-11,Jul-11,Aug-11,Sep-11,Oct-11,Nov-11,Dec-11,Jan-12,Feb-12,Mar-12,Apr-12,May-12,Jun-12,Jul-12,Aug-12,Sep-12,Oct-12,Nov-12,Dec-12,Jan-13,Feb-13,Mar-13,Apr-13,May-13,Jun-13,Jul-13,Aug-13,Sep-13,Oct-13,Nov-13,Dec-13,Jan-14,Feb-14,Mar-14,Apr-14,May-14,Jun-14,Jul-14,Aug-14,Sep-14,Oct-14,Nov-14,Dec-14,Jan-15,Feb-15,Mar-15,Apr-15,May-15,Jun-15,Jul-15,Aug-15,Sep-15,Oct-15,Nov-15,Dec-15,Jan-16,Feb-16,Mar-16,Apr-16,May-16,Jun-16,Jul-16,Aug-16,Sep-16,Oct-16,Nov-16,Dec-16,Jan-17,Feb-17,Mar-17,Apr-17,May-17,Jun-17,Jul-17,Aug-17,Sep-17,Oct-17,Nov-17,Dec-17,Jan-18,Feb-18,Mar-18,Apr-18,May-18,Jun-18,Jul-18,Aug-18,Sep-18,Oct-18,Nov-18,Dec-18,Jan-19,Feb-19,Mar-19,Apr-19,May-19,Jun-19,Jul-19 (R),Aug-19 (R),Sep-19 (R),Oct-19,Nov-19 (R),Dec-19 (P)
,,,,,,,,,,,,,,,,,,,,,,,,,,,,,,,,,,,,,,,,,,,,,,,,,,,,,,,,,,,,,,,,,,,,,,,,,,,,,,,,,,,,,,,,,,,,,,,,,,,,,,,,,,,,,,,,,,,,,,,,,,,,,,,,,,,,,,,,,,,,,,,,,,,,,,,,,,,,,,,,,,,,,,,,,,,,,,,,,,,,,,,,,,,,,,,,,,,,,,
A. Food Group,105556,81023,94937,85123,83454,116575,116549,89355,109982,104126,89834,111323,122821,102951,93657,109006,108330,135737,133458,116166,159852,136098,143784,128590,121415,120273,120995,121926,125968,169771,165219,148031,185159,176628,190431,161357,136478,148563,135678,123947,145726,148087,170800,182824,207553,187422,210540,182184,144191,145092,144618,155650,180352,172145,216580,238505,235619,285445,333472,336106,330777,263822,253229,193865,217376,185214,238511,212480,220167,221126,235490,224608,223461,202365,212394,234702,233470,319840,323563,276298,351678,315710,295964,300046,275300,271993,247018,234969,245973,304506,338621,356331,527641,449758,373302,503573,378551,279707,262291,268307,271204,311152,342170,330630,348994,350671,339067,306629,300487,308846,277264,295631,301743,301085,398550,342477,408298,456116,423924,327871,335173,278676,257847,306479,286544,376610,432313,418356,386375,387544,404471,370232,293618,301515,311217,308766,300691,439000,444366,410496,441022,432725,398426,320519,242179,237703,287091,310075,286041,366266,332186,326887,369727,336804,307968,319562,201664,207432,225750,278815,325907,337958,311935,326553,362772,384029,368931,285903,251561,254647,233069,292866,420457,432739,445913,455141,582887,530184,549582,368665,366480,336092,263056,302612,299033,349703,478430,405909,457803,462847,510554,412184,408624,288857,365275,380486,347619,459694
01 Rice,45937,40203,47829,41298,38426,56183,54127,41497,58794,54536,43659,61616,67188,51409,42398,57124,54749,70723,84133,70719,105752,87666,97739,68816,67062,58029,58293,57261,60795,92490,95994,91863,116186,110864,123057,100880,79725,89052,79264,72940,84926,87765,107683,106675,118733,99809,111888,93105,77223,73435,72055,86640,108650,97949,131145,151868,146762,188286,210909,240423,235272,177872,163945,125554,136082,107662,143500,124772,126135,135208,153695,135982,132578,120488,119654,141192,147002,201148,224831,186335,246747,217077,197677,200155,184842,175644,157318,140828,152988,191886,201776,170341,176525,202810,181038,182055,159332,146341,128722,138560,162573,191164,217621,195140,213062,195061,176672,151167,131149,112437,96110,110913,147857,155151,204190,165063,205256,216038,191764,140300,158198,133431,117137,141540,153581,188308,231398,223526,199577,193009,196135,172364,136276,134069,126067,150752,159374,235778,215853,179228,192427,190961,174846,142211,95052,102293,121212,148788,152587,210882,166234,158175,177639,190654,166781,162410,86804,89543,83503,120860,160382,171897,137173,142673,159451,136781,156011,129872,106206,114788,98686,115087,168788,200028,209954,199320,231363,171720,185408,131786,147424,125635,79417,94744,132520,164358,212517,183810,209715,214251,201448,172042,181586,128929,150102,147171,147362,221388
A) Basmati,37379,33963,34898,33924,31675,43199,39458,33792,47141,46564,35918,49054,50956,42780,35422,49850,41642,53351,53953,52432,79639,63369,81403,55748,49722,49769,46897,46497,46909,64662,54576,61570,78371,69877,59060,74297,59687,69501,58853,54798,57380,63419,60058,65984,78489,69398,79488,68345,58945,55106,58807,67856,72862,58646,71551,75595,78971,118295,128549,143518,159693,133232,122714,94523,99649,60273,85945,75827,81741,81908,94439,96906,89316,79443,77368,88646,95132,121702,130926,111656,138378,123540,114925,117605,104134,105781,99660,95089,93436,107722,105299,83201,102670,115849,113584,100388,88530,87670,84534,79062,85795,95368,100564,83015,91420,88580,98056,81772,73124,64531,51569,52110,57549,58816,73219,60218,84296,97570,82783,66637,78282,70169,60900,72217,79933,79603,85672,81358,87848,96298,105553,96139,80652,73809,72857,67301,75177,82189,72046,61702,67316,69325,68224,63082,44749,49121,62872,56390,46537,57034,38692,42341,39760,48398,45781,52739,30245,37995,39222,39145,40417,31814,34096,41125,49375,53435,57937,59466,41296,52914,42914,36651,45844,51675,36678,40966,65091,42062,51001,44061,48297,41598,30782,41978,50832,50737,59592,62262,70760,73983,84521,69598,75133,59225,65180,72296,62547,85901
B) Others,8558,6240,12932,7374,6752,12984,14668,7705,11653,7972,7741,12562,16233,8628,6976,7274,13107,17372,30180,18287,26113,24298,16337,13068,17340,8259,11397,10764,13887,27828,41419,30293,37815,40987,63997,26583,20038,19551,20411,18142,27547,24346,47625,40691,40244,30411,32400,24759,18278,18329,13248,18783,35788,39302,59594,76274,67791,69991,82360,96904,75580,44640,41231,31032,36433,47390,57555,48945,44394,53299,59256,39076,43262,41045,42286,52546,51871,79446,93904,74678,108369,93537,82752,82550,80708,69863,57658,45739,59552,84164,96477,87140,73855,86961,67454,81667,70802,58672,44188,59497,76777,95796,117057,112125,121642,106481,78616,69395,58025,47906,44541,58802,90308,96335,130972,104844,120960,118469,108981,73664,79916,63262,56237,69323,73647,108706,145725,142168,111729,96711,90582,76225,55624,60259,53210,83451,84197,153590,143807,117525,125111,121636,106622,79129,50303,53172,58340,92398,106049,153848,127543,115834,137879,142257,121000,109670,56559,51548,44281,81715,119965,140083,103077,101549,110076,83346,98074,70406,64910,61874,55772,78436,122944,148353,173276,158353,166272,129658,134407,87725,99126,84037,48635,52766,81688,113621,152926,121549,138955,140268,116927,102444,106453,69703,84923,74875,84814,135486
02 Fish & Fish Preparations,10095,7552,9075,11856,13957,21308,15347,11023,10329,10038,10728,12202,14149,9240,10678,11941,19114,18368,12609,9397,10883,14435,11947,14551,8708,11040,13519,15054,19995,18633,19152,10223,14734,17140,21283,18501,13337,13627,13844,13554,18185,19175,16775,14860,16248,16423,18463,16456,12746,7540,11359,18208,16636,15917,15876,17450,17058,22570,25130,21632,15496,9754,17499,19892,22318,20559,23678,19208,22829,21542,23111,22557,12137,8441,12928,19754,17476,22213,17618,14521,21955,26282,24504,22543,16404,9814,20714,24229,25865,24179,19777,17931,30080,34171,35149,37286,21265,14703,24961,30305,32892,32276,28690,25839,25672,35882,38187,28288,23465,16750,23122,31202,30971,27640,33234,21906,26665,34441,37688,29068,24257,21523,30260,38355,29350,34840,28665,20463,25966,38256,40034,34617,26335,22272,35454,35176,30049,37553,31771,19180,27189,33668,33487,33968,22156,15009,25766,34184,31748,34310,26963,19730,28917,29919,29535,30193,16688,14656,27072,32902,47234,36149,28074,26278,39101,36800,43998,42155,22310,22221,32487,44158,48823,40782,41300,31067,49952,54886,57138,43877,22333,19414,28750,44670,37237,39644,39326,31622,37386,55135,56042,48317,36441,20575,33287,45365,45692,51146
03 Fruits,9327,9075,7494,4192,5715,7844,9627,8933,10308,10574,6974,9580,10441,11051,8130,6965,5679,7973,8238,10448,11360,7726,4284,8400,10621,11205,10559,8029,6178,10053,11186,13644,18126,15881,10786,10733,11865,13921,9138,6945,8304,11408,19183,21468,13819,9112,7005,10902,13156,14260,12837,10247,7776,10946,19416,22277,22507,15020,11059,12699,14892,14285,13938,8374,9226,12598,19541,18426,16959,10978,8475,14668,19154,16838,17006,13828,13522,22294,26987,25487,27086,19162,11840,17290,15862,16972,16781,11994,15594,25795,33216,39549,37774,24786,17774,18576,28417,20441,13298,9849,14409,22015,27486,31080,28432,20461,13748,13472,22755,32805,20077,16080,12630,21459,30987,31238,32269,26239,19026,18192,26494,21059,23453,20674,15535,21544,32593,34740,34272,32904,25382,21486,22484,24788,31971,22893,24793,43426,55920,60760,46649,36813,24236,23362,30203,21206,21851,20706,17640,28763,31127,38095,42706,29284,20937,27121,24161,25424,22778,21321,16739,21422,31504,36274,38944,25820,21881,22109,23463,25864,19101,15186,21412,41665,49800,52138,57852,34638,27147,27488,41359,35540,22780,31712,22227,34400,62790,54148,46156,30139,30334,26540,48337,31443,26307,29431,24687,40033
04 Vegetables/Leguminous Vegetabl,10585,8451,6055,6629,6236,5489,6189,4631,5755,4119,3953,6099,6812,4679,4417,4327,4094,5931,4721,4638,5597,2853,5319,10984,11362,14541,11837,11687,14587,15855,11522,6978,8307,6271,7283,6894,6062,6305,4458,3267,5615,3426,5587,8983,17216,11684,9157,10120,9220,8829,7026,3744,8100,10923,5830,6415,7944,6779,5853,6345,8387,7481,5592,4008,4861,4032,5774,4346,5179,6000,5780,8197,7292,7179,7426,6627,8206,15015,12354,12862,11222,10131,10167,9382,7653,10535,6964,5574,4819,14402,27163,22306,26322,26201,17744,15570,14536,11916,7275,4945,4205,5234,7452,9799,10865,13212,15855,13610,12969,10423,7037,6062,6386,10098,12780,13942,16272,15537,14702,13773,11938,10989,10214,8887,9586,13823,10076,9053,16236,19012,17670,8425,8589,11287,9494,9298,8957,14360,16929,20064,22849,17864,15149,12430,11360,15562,19182,14186,12847,10286,8835,8694,10958,10834,10811,15973,9935,8766,7843,7489,7476,9550,6600,8248,10230,11129,11275,8574,8838,9801,7959,8725,7072,17147,17020,20634,26161,20751,14987,11718,14788,25479,9484,13704,15939,22646,36687,19802,23559,24867,29082,24829,23666,13147,16092,19006,22221,35039
05 Tobacco,165,24,452,117,172,1048,2641,620,2204,1580,2276,136,223,476,909,182,320,2480,186,751,1383,264,337,946,2152,228,220,1039,110,338,168,175,279,1115,897,342,752,162,708,130,1952,1658,276,81,291,592,607,1360,1262,257,2366,213,214,957,2111,272,240,313,254,351,260,1055,1843,1313,944,282,742,115,545,1547,343,256,1470,2164,107,340,728,141,381,417,1722,1081,3119,2000,1211,1795,1204,948,1830,1456,3026,4156,3290,3799,1806,1729,619,1020,1843,1293,2975,711,3573,4478,1816,2114,1460,1268,2952,1435,758,546,1425,1342,2291,3677,2049,5015,2033,4318,4599,3886,2701,600,630,1485,855,1912,2447,1565,2618,2779,1015,2265,549,1780,1223,910,490,716,1509,388,2353,523,717,1293,822,375,303,214,425,145,1471,1474,459,150,269,113,1301,623,712,2281,3046,551,2502,560,1248,5430,5283,67,532,5079,294,3748,1050,577,604,30,957,78,5975,457,5120,1097,4380,736,281,839,544,1590,3042,779,3592,693,2688,3586,2059,3551
06 Wheat,4664,2,626,0,0,0,0,0,0,0,0,0,0,0,0,0,0,0,0,0,0,0,0,0,0,0,0,0,0,0,0,0,0,0,0,0,0,0,0,0,0,0,0,0,0,516,633,2897,817,0,0,0,0,0,7,206,0,0,0,0,0,0,0,0,0,0,6,0,0,0,0,0,0,0,0,0,0,0,0,0,0,0,0,15,0,0,0,0,0,0,8193,47223,164171,81859,44849,145188,52213,1615,358,249,171,166,0,29,63,0,6180,1301,3,1395,3263,3412,409,36,2005,71,783,10353,7909,64,1230,361,169,85,1270,52,0,0,0,29,0,0,0,0,0,8,0,44,8,7,0,140,0,0,302,7,0,0,0,0,0,0,59,0,0,0,0,163,622,1244,456,94,0,108,0,250,0,0,0,56,0,0,0,0,0,10,12419,57370,28188,17143,280,11475,9050,75,31,0,1088,1040,9157,697,4353,9058,4615,33,0,0,0,0
07 Spices,850,1081,1373,1640,1270,912,1848,1280,1067,1138,1134,1691,1267,1241,1697,1536,1680,1306,1291,744,1105,1299,825,692,802,847,1187,864,751,1443,963,968,1134,1350,1342,1407,1134,1510,1334,1274,1072,1444,1245,1482,1357,1355,1437,1299,1534,1395,1408,1594,980,1096,942,1074,1247,1187,1478,1583,1111,2237,1467,1436,1615,1728,1397,1491,1169,1245,1587,2208,2271,1695,1745,2237,2310,3328,2010,2396,2304,2846,2026,1839,2234,2379,3031,1795,2100,1622,1969,2712,2528,2286,3481,2964,3084,4094,4343,3686,2627,2428,2185,2342,2344,2733,4409,3389,3198,2758,2340,3638,4013,3370,3681,3673,3933,3467,3637,3365,3787,2806,2637,3806,4934,4813,5194,3748,3703,5441,7199,8629,2644,5816,5158,4999,4065,7174,5021,5122,4328,7519,7337,6571,4205,7076,5711,4994,5582,7595,7414,8572,7564,8382,7392,8253,7252,7336,5526,6559,7495,6972,9410,5747,8423,7425,11016,8133,7182,4235,4759,7075,8898,6255,6017,5513,8021,6817,9815,5813,5262,9579,5928,7719,6865,8926,6484,8160,7980,8271,6928,5771,5117,5293,5863,9318,8322,6246
"08 Oil Seeds, Nuts and Kernals",390,427,126,391,167,470,1074,1014,630,631,1398,570,965,585,878,252,2788,5096,2635,1844,2024,1844,1067,455,682,1053,1199,1409,1354,1574,1713,1717,1569,782,922,460,1437,1637,2302,880,789,3277,934,3355,2423,1827,1301,2090,1170,1337,1406,2144,4530,7121,7135,3423,3595,3367,2208,1913,2732,2476,1717,1824,2502,2359,5020,3360,6487,6772,5482,5334,5767,4236,6836,7159,4698,5911,2404,1262,1331,1664,2360,1420,446,643,1195,1958,454,1712,1880,1907,876,2977,2473,1954,1574,2696,888,4201,1163,2089,2335,2200,1913,1525,2544,4162,5540,6432,4517,4002,5439,1789,3750,6687,1650,2807,2450,4698,1787,2083,5107,5998,7478,13470,13911,6850,4762,2865,2387,2781,1273,1533,3818,3473,6417,11973,10333,8552,5073,3280,2638,1687,733,382,1307,1950,2276,2235,1566,2826,1054,1529,1802,1548,2036,1255,1113,2590,2899,2477,2383,3299,4612,2325,3219,2905,2606,2562,5034,5033,3697,2936,2653,1618,2266,2239,836,1218,835,1065,5759,12608,13647,10964,11478,2098,2448,1634,2516,1764,1152,1885,4655,8698,4894,1876
09 Sugar,3549,198,2850,171,1061,1186,4823,4232,4396,1759,1636,1819,4042,2647,4987,5283,1536,3011,3277,2719,725,999,2492,1579,1335,818,2851,2058,651,1965,3989,1906,2189,1652,815,0,0,0,7,0,0,0,0,0,0,0,0,0,0,0,0,0,0,0,3714,5429,5082,10567,30727,8601,5258,526,237,149,211,0,0,0,0,0,0,0,0,0,0,0,0,0,0,0,0,0,0,0,6,0,0,0,20,0,0,0,402,0,0,0,0,0,0,0,0,0,0,0,2040,8632,3324,6663,14579,10058,18063,25019,20560,19742,35914,36546,54525,75302,70309,50544,28383,8914,8070,16507,15646,29545,47878,53356,31858,11874,18622,34161,11982,22427,17946,6946,2776,5801,28127,34069,43986,43636,49897,16002,6409,23,0,1,0,2588,31596,36411,31538,206,0,1297,0,0,1,0,0,0,8545,25534,30115,80148,46609,7344,14184,8594,10452,31222,99295,54709,58745,88777,98159,91772,80226,47326,32104,13159,2227,7974,2699,705,12559,16503,24242,28551,63174,32770,5157,5604,46494,20915,8395,6576
10 Meat and Meat Preparations,1715,1722,2276,3753,2478,2527,2569,1511,1664,2009,1693,1958,1742,1580,2169,2772,2693,2518,1840,1809,1869,2449,2128,2224,2145,2346,2725,3040,2909,2906,2636,2004,2586,2402,2734,2646,2229,2448,5468,5923,5611,4770,4449,5435,4727,3809,5463,4712,5221,5166,6504,7692,4130,2469,2443,7686,5489,5225,6304,6017,5603,6259,8161,8114,7148,6607,7106,6194,7732,7325,7457,7650,6970,8282,8791,9408,8075,12001,9263,9636,12201,10850,9781,13563,14431,14120,13373,13999,11317,13608,13905,15657,19788,17847,18353,22304,16258,20298,28718,16098,9497,17315,15122,16086,16907,18108,18781,18920,21516,20525,18865,23815,16872,14158,18227,17746,17253,17238,19964,18253,22752,18200,17661,18525,12684,23354,18101,21785,19693,21876,19784,22704,23653,22206,18450,19134,16790,25424,21650,21070,24434,22380,22276,26796,20543,17029,21153,17465,17494,23998,20796,17634,22751,17606,17052,24622,17087,16982,18422,15495,19448,20341,19369,17950,20119,17948,20513,19930,17207,18791,14318,17063,18628,18046,20089,14580,18338,15430,20429,18012,16023,19551,14372,19095,18470,18759,22614,18587,20922,24453,26223,23196,23616,19642,21163,28798,24855,31342
11 All Other Food Items,18278,12287,16780,15075,13972,19608,18305,14614,14834,17742,16383,15652,15992,20044,17393,18624,15678,18333,14529,13099,19152,16563,17644,19944,16547,20167,18605,21486,18638,24514,17895,18554,20049,19170,21313,19494,19937,19901,19155,19033,19271,15164,14669,20487,32738,42296,54586,39244,21842,32871,29658,25168,29336,24766,27961,22408,25694,32131,39550,36541,41766,41876,38830,23201,32470,29386,31746,34567,33132,30510,29560,27755,35822,33041,37901,34157,31452,37788,27714,23382,27109,26619,34490,31840,32211,40090,26438,33644,30987,29845,27716,34548,65885,53022,50635,75947,81254,56584,51885,59121,40693,37753,37705,43638,45880,52944,57907,64389,62359,93829,83113,70942,55182,46301,51491,41928,47644,49679,54442,45294,51747,55424,40437,51503,35848,45376,43642,42922,47862,60715,74639,62286,59369,54854,62309,54307,46247,56556,58265,61728,72577,76075,66208,56969,50498,57822,70087,67426,45565,45395,37230,36605,45070,46915,53198,47996,37430,43193,57570,69731,63064,66776,65831,59891,49275,64844,53161,39452,44281,47667,39739,44239,43552,47424,39284,40907,77751,74528,124451,64206,80098,74740,80170,69215,45019,48566,72605,69300,75695,73259,87414,67119,75345,61615,58622,68197,59132,62496
,,,,,,,,,,,,,,,,,,,,,,,,,,,,,,,,,,,,,,,,,,,,,,,,,,,,,,,,,,,,,,,,,,,,,,,,,,,,,,,,,,,,,,,,,,,,,,,,,,,,,,,,,,,,,,,,,,,,,,,,,,,,,,,,,,,,,,,,,,,,,,,,,,,,,,,,,,,,,,,,,,,,,,,,,,,,,,,,,,,,,,,,,,,,,,,,,,,,,,
B. Textile Group,666314,636348,662061,672348,496602,787844,679784,580602,692390,692067,626697,741898,733211,692776,713700,755557,670152,787998,674401,699953,794730,740829,665839,776453,690785,777822,780650,779829,699356,786077,713371,681610,818287,748695,790959,874153,778039,872339,862231,784777,840352,855687,777490,754046,900224,811174,860473,914518,866469,904922,847898,898120,895907,785553,892460,801506,815176,859179,871441,915586,955833,927726,893284,874516,790433,793233,782653,741483,750688,737212,731408,797828,830088,775089,829953,896336,724838,952889,808252,756894,915898,893283,841855,956734,884735,962261,925456,988999,1051678,1089478,1012427,1057298,1312802,1211404,1211008,1368321,1194206,1140434,1151285,1051429,1046267,1041749,1022739,1043217,1100879,1057917,1151913,1065800,1088923,1117449,1014405,1129604,1052230,960198,1100331,997269,1122429,1067483,1134405,1047514,1189404,1147267,1126374,1212980,1039845,1162435,1151079,1026733,1137146,1171248,1135009,1159277,1062162,1207691,1204497,1163287,958397,1213260,1123613,1053241,1205872,1101790,1068824,1177696,1127780,1027660,1137356,1093833,983284,1121905,1014091,996042,1099055,1026009,1021829,1107434,972343,1073416,1018887,997563,1037998,1003080,1051238,1033098,1160798,947298,1087414,1073759,1029051,1169165,1080508,1165166,1110381,1040517,1203010,1074430,1147359,1087360,1165513,1104320,1190739,1175537,1114636,1245309,1100906,1078361,1190933,1051178,1085062,1132410,1202297,1012046,1222681,1081738,1106635,1218915,1055133,1132549
12 Raw Cotton,3836,4748,3288,2758,4443,5320,3574,2966,5288,2959,2313,3064,4535,4012,4687,12620,15800,17022,14914,11290,9462,8705,7984,7202,6110,8076,5959,7341,8441,12097,10011,11056,7564,9496,7528,5992,6393,4229,6866,4134,8739,7246,7587,4082,6892,8626,5595,5253,6604,3657,2982,5704,7495,6848,5095,6792,11696,12494,10158,7035,5765,9149,10804,14065,9771,13813,15607,8619,5887,3033,4066,4835,4143,7350,22822,37148,39088,34801,34685,17714,7016,1396,2192,866,1973,1823,8610,53227,63827,45967,19809,15162,33963,32499,20613,12115,9916,17410,21387,13135,27187,45560,41641,80398,93034,73758,45205,11251,12526,5452,6645,25767,24666,11245,11594,14662,19491,17261,9304,8830,5845,14902,29861,18406,25657,23359,20716,17406,17059,16171,13163,5625,2414,8081,27671,27668,22055,21317,17124,11631,4960,4390,3177,2373,2942,9664,25173,21503,5329,1485,1599,3218,3327,538,683,1714,1622,4733,4664,9742,8809,3905,1765,1291,2156,720,658,457,397,1809,13096,17119,11409,3378,1854,2091,1691,1900,974,1228,918,1489,3340,5406,2526,1758,864,479,1093,817,915,1373,1833,2889,5167,2185,885,2621
13 Cotton Yarn,52808,62731,47716,47436,38933,78424,64823,59409,84602,85343,74285,80029,76836,57802,54598,62203,58709,70432,71800,59701,79725,75255,62403,87205,69363,73620,75972,65862,68741,75869,61717,61727,87998,71363,80286,102411,81628,101431,90594,79664,100471,96742,89729,79084,94540,85399,82970,93714,91575,112063,98276,113939,120949,98229,99876,84764,86268,87516,84831,89310,97737,92622,91528,98139,90185,82539,78322,66720,71634,75163,62530,81789,83914,81105,84821,108628,84740,133618,110457,105221,124844,124972,98405,97045,100268,118110,77361,97221,114186,141614,151830,155650,231836,193354,189736,214437,155129,139044,137956,123493,129355,119711,126902,122010,151163,144481,185239,158231,172725,182911,154763,172530,151820,151559,195275,167112,170897,164172,198992,181192,190988,189723,180594,207824,166586,190909,170843,132943,149192,156506,157781,158722,137739,158133,149831,143187,115402,170359,156446,137044,184745,155071,151119,159119,128276,105013,140180,117427,125804,116272,111924,83724,97341,72213,78458,89495,87229,92585,89125,87019,97580,90925,89274,115504,115686,74413,103625,97248,85084,106355,101650,111415,97130,104143,125571,99239,106458,84229,111114,116552,121842,121199,122661,135409,94053,93026,88003,72369,79247,75464,115760,82613,111096,103164,87807,108011,84944,107033
14 Cotton Cloth,140489,131025,132808,157223,123997,190286,160488,134829,168676,175726,154029,186536,171218,168666,183859,180488,168042,208853,176720,165289,201035,196529,180695,191748,183773,184025,199406,184992,166568,200072,185099,177990,193421,182362,196964,204453,187955,198706,205587,179499,196096,198821,175225,184529,199172,183195,204439,205259,193476,191417,179519,178627,195537,160419,191711,160375,164105,174089,183938,199666,212192,196101,179445,189598,173790,171362,175959,163235,155525,171486,158444,159705,160795,138174,151355,169204,123039,181418,150173,131071,175070,165161,157097,177604,160296,168800,179905,187403,190907,207207,189960,189843,247899,223449,234141,263923,234722,206074,232758,213462,214419,223141,211170,200083,206874,198574,229452,216246,217472,216036,210455,223319,217900,202132,220170,210342,226536,227314,232313,216873,248464,236569,241225,242947,209951,233474,231669,195929,210938,229557,228062,224792,210775,227610,217433,212819,185144,212609,202053,186223,223187,203654,205501,199775,205027,183950,192568,197085,176726,197305,185970,180874,219873,200878,193126,198205,168299,180499,175556,176454,186139,180596,184684,176585,194290,157853,177007,165079,176872,181785,170411,182722,179265,164131,202753,172279,191307,179640,192759,182024,198792,180252,181052,198120,178707,177164,200556,170946,173134,180765,177367,156812,197702,156897,163883,184304,155798,173040
15 Cotton Carded or Combed,23129,17226,17333,18531,14430,28426,23785,21634,25592,26782,22076,22303,24633,25494,24664,19626,20807,22188,17309,23512,25651,25109,17607,18846,18091,17072,21594,24310,25399,29971,22481,24571,27897,24775,25007,23659,20952,24528,25897,18760,18088,22426,17058,17898,30239,29903,28779,21443,17806,15550,15897,20237,23806,13898,29749,12812,12978,21742,12940,14599,7914,14866,13125,8002,15576,8290,14187,8240,10645,10844,10300,14573,11173,10310,10707,20067,5805,15635,7649,5491,11569,10818,11718,10946,10071,15796,8545,13680,9059,16827,11383,20171,12580,10373,11216,16568,20882,17670,17282,14053,12547,9755,5001,3479,3467,4932,4945,4024,4263,2883,3125,4118,2603,2992,2197,2250,4720,1805,2243,896,1741,1491,1501,1444,1612,2577,2848,1847,3201,1231,895,2992,1346,1768,1952,1893,2372,1581,2829,4402,2737,1835,1489,3282,3866,3827,5748,5067,4624,6195,5743,8010,5583,8112,14186,12112,3461,9192,5294,4817,4978,6005,4978,3516,2839,2020,2421,2446,759,692,22,65,251,90,96,109,98,15,48,0,72,82,0,216,2,243,12,5,0,42,95,0,215,110,50,0,23,0
16 Yarn Other than Cotton Yarn,7882,7710,7247,6195,6304,13315,8701,8293,13164,11990,9813,7052,5939,6632,8803,11068,5570,7843,7822,11861,8946,8260,7403,8525,9024,8690,10529,12532,7555,9359,8054,10451,10495,7875,7889,8781,9580,14286,10880,18672,14122,13378,7114,9122,14477,10830,10625,8222,10794,9424,7518,6227,7815,7255,5278,6291,4221,4125,4428,7077,6208,10438,7695,4378,4208,4321,5757,4652,6333,6442,4199,5415,3383,4208,5176,4838,2478,4308,3091,3277,3422,4761,3805,4107,2768,1924,2328,2845,4767,3314,5445,5240,8556,10907,5305,5869,7154,7829,7814,4402,3406,5242,4317,3126,4592,3860,4175,6404,3703,3393,2800,5153,5209,3057,4452,2573,3151,2955,2881,2050,4225,4235,2869,3361,3011,4642,3419,2565,4867,3728,3394,1798,2022,3305,4296,2377,4555,3767,2849,2492,3142,3487,4033,3748,2871,3501,2614,1793,2622,2271,2366,2342,1705,1397,2357,2438,976,1669,1909,1457,1781,1929,1802,1990,2028,1703,2273,1518,2065,2189,2468,3829,1668,2194,2179,2509,2582,2376,3024,2684,3450,2215,2460,2760,2291,2779,2315,2895,2216,2545,2950,3152,3141,4877,4844,4315,3138,2936
17 Knitwear,139458,139300,155806,151770,98484,147149,143434,127407,145889,140877,135119,164667,178115,168863,168310,166760,146666,155841,130925,147455,173882,146662,140232,158318,147471,178383,173086,171579,136734,160050,138540,134324,177745,152696,160793,186454,176403,197005,203991,174379,175502,175050,149295,151805,178263,153973,174480,194050,183856,198021,187691,180680,173388,157060,179968,166400,163066,173614,168264,202721,216422,205575,203259,182394,155562,152923,161005,156821,156268,152366,154211,158047,190649,180097,176895,181409,136179,166426,150331,143858,183591,175790,175452,200542,208444,221275,218387,206371,221049,225515,206847,223393,261571,232922,219797,263421,237838,242145,224398,209965,186696,178618,167448,165186,177453,156818,171676,174703,180154,188696,172839,177248,158858,148409,159572,153965,187941,163353,160900,163403,187511,182062,183868,196328,157508,178725,176661,177856,194393,186051,187151,186371,186594,201915,216777,192404,160675,201812,193411,163886,195350,173854,167251,210184,214789,181794,209278,200835,182376,189897,176540,184840,205462,178096,175168,210173,183375,220656,192213,192265,186919,174762,198310,181944,211145,183248,202670,207090,201366,238031,206416,228363,213940,194467,240493,204725,219449,215043,220749,232093,249092,240809,237700,267162,239241,230748,251966,219965,224546,236325,255569,200280,263653,224962,256976,263206,223621,245206
18 Bed Wear,123734,85498,97050,84830,65929,99398,75976,61632,71793,77870,80071,84354,78871,83506,91259,96826,95000,104562,72656,85688,93516,88323,85623,103474,88547,110318,100767,108812,109396,105206,111185,100673,111923,118856,117015,130619,101098,116492,108913,112756,117484,115952,120756,102255,132090,112971,122785,130819,113753,110092,113056,125042,114503,109398,139115,127583,117926,125786,133781,126383,138430,141843,132419,130447,120806,125795,109045,121636,133831,116959,119075,136357,131228,122613,136181,136753,123294,156495,127165,119410,150686,136985,142665,157671,148419,163441,155564,161939,166219,162474,156740,164203,175016,175283,177742,219923,187451,179514,170995,155226,160676,149749,151516,144783,147797,149802,154725,154782,152190,167217,140114,163222,157905,138664,167609,137391,151114,150122,165672,143933,176046,166137,159693,175590,157942,174273,183822,156738,180314,178151,174531,178613,178140,201963,201186,208913,155962,193728,176532,169955,180196,185808,164388,190706,183921,168641,180535,181054,154887,200975,166412,158188,178992,176665,171899,204189,170513,176959,183242,179804,182493,176281,173285,168583,190216,164484,189849,201044,163742,206420,196504,221201,202555,185818,204489,179129,202704,190076,207248,186100,194628,211083,199730,218982,194524,186438,201763,201292,182442,187830,202321,166141,202611,182761,192666,220158,199990,192892
19 Towels,11616,8250,9437,11146,6730,7608,11783,8159,7514,8707,9371,9504,10499,10365,9945,12112,10983,10634,8741,9531,11756,11502,9746,9838,7720,11549,9233,9605,11525,9599,8832,8761,11502,9641,11282,11467,11703,12343,15770,14178,13344,14257,11817,13608,14468,13202,15317,16281,15725,23428,31245,38037,35887,39883,32749,36567,38553,38261,47823,36949,44770,47615,51040,54869,48587,46208,39346,43584,41960,36192,42944,49476,48081,45444,45596,49518,43366,55268,46564,48909,53202,58295,55719,53074,48748,51050,50815,44961,55454,48448,48645,46833,54814,54887,59167,69678,61122,49271,54716,54268,59037,51524,55421,53506,57022,61142,69185,58436,61735,58893,57700,52369,59826,53855,59893,53169,61489,57950,62231,62303,64056,57996,61236,58565,57249,62794,61056,54452,64654,78670,70392,64424,56669,62343,56319,60909,48729,64482,59255,57824,65058,59776,56776,68068,57723,60623,64633,63893,57550,64951,57694,58255,60499,55856,58220,61156,48762,54744,47576,53288,55742,56479,57073,53516,63927,54940,71822,60813,58262,59624,57182,60037,64575,56287,61013,66093,69336,67519,67023,63139,58738,66010,55233,58693,52130,53692,57679,53145,64778,64033,73166,55400,60496,57316,52764,67752,55304,57022
"20 Tents,Canvas & Tarpulin",4726,5893,2373,4487,4110,14410,16110,7287,11673,5779,3757,4986,4637,6828,5643,5843,4224,8034,12132,10579,9211,6933,7598,6033,5177,5636,3167,6662,6946,11255,7884,6572,5554,5156,3803,5510,4746,5435,6434,4842,7474,8449,6793,8506,6616,3726,3418,5895,4553,6336,6067,5214,7714,6360,5837,6469,4458,5932,4380,7743,5569,6008,5638,6030,5272,5654,5099,4633,4463,3998,4433,4496,5397,5059,3949,4849,6675,5660,7600,9588,8270,8575,5307,4665,4149,4066,5646,8807,6694,9671,7609,5554,10069,7181,6271,5047,4496,8784,6509,6816,7950,9200,8900,8803,8045,7276,8251,9039,8356,8211,6105,9512,9733,12229,14655,6471,14762,13520,13171,9095,13682,8195,6545,5720,7609,12194,8120,14656,7726,10101,7452,7078,8022,7988,14327,9922,7987,16456,15159,14762,8825,11807,7162,9842,7844,10194,7452,6696,8874,11456,8060,14921,9389,8210,6231,9011,8608,6481,9700,15744,15429,16978,20050,17788,11997,7375,7185,9773,9197,6393,3914,6165,9237,8518,7256,7055,11580,4809,6675,4603,7537,6879,2455,7138,8436,8549,13497,8643,4218,5504,6400,7063,4770,3236,5549,7065,7842,9379
21 Readymade Garments,60537,67309,60473,64751,42635,68785,59595,45325,55671,54796,45365,68036,66046,53973,63135,78904,52970,67155,56968,61262,65353,67536,59367,77655,68044,86702,78664,84213,71783,77369,77873,75839,85779,74834,86485,96271,91385,94494,93604,85307,82436,88939,85524,79883,102250,87963,93841,112107,116144,115756,108050,110932,105723,88457,88286,88611,90446,93664,99809,98248,89420,92076,89985,83997,72712,86335,81572,74370,74307,72480,77219,88971,91976,87232,88796,76946,67030,83027,72895,69022,82579,73552,70173,100458,79847,91635,80929,78847,83290,84615,78136,85088,110392,102276,104695,111767,108740,130389,123029,116074,111364,112293,112034,125983,116140,111284,129146,125289,136477,142336,132660,153446,138336,116657,138656,135716,146998,130072,152541,128000,155910,153064,129701,155723,132745,141829,162317,154946,165364,166027,156120,160626,152845,184652,172666,167935,135961,181605,174119,180277,183071,165695,172614,172579,187130,181065,181687,162888,150927,186067,174036,179086,191076,192753,181566,187752,185167,207943,194907,163557,173640,173973,193928,191386,219945,184807,197758,192436,211750,222362,192707,205617,195850,191663,212836,216553,216976,207713,214052,189039,218661,216124,190224,208346,196855,190936,222030,202528,226918,247340,229031,219095,242754,232090,214152,225528,201124,215021
"22 Art,Silk & Synthetic Textile",27423,27946,35869,33612,26154,46117,38092,32930,32851,34137,31693,42506,36478,32218,27918,32369,27446,36865,27384,35919,28625,25217,19525,29280,23226,28934,23780,29934,22753,26034,20915,16336,28059,20786,19829,21089,19329,24027,20057,23406,27792,35932,35698,39265,41651,35584,39424,43827,37504,39037,25040,24954,26126,25722,35034,33405,30642,36668,34180,50923,42911,34056,37875,32892,28833,32418,31946,32151,29421,30333,25754,28821,28440,29646,30907,32718,27681,36416,29225,24634,39279,43802,39034,47341,40548,45298,48428,46423,49379,51689,46502,51961,54804,57950,61865,74276,74063,58833,68496,60915,55104,55618,45570,43390,43438,47716,48466,49736,44962,41968,43601,35786,35427,32839,28750,28995,32058,37380,32279,36422,38785,36207,37360,37697,31278,39143,36200,29593,35085,36394,32416,36110,33899,34874,31824,31960,27634,31572,24953,27403,30304,25900,28154,28870,23221,21659,24636,23366,19872,26682,21746,21818,23449,23085,21581,24425,20173,22711,22954,24484,22066,22557,20485,17819,24860,17490,24859,22117,22130,24647,23468,24201,24976,28512,25891,21819,22516,26578,26230,24191,23364,22841,20260,27734,25499,23019,27566,22557,20437,22280,25173,23365,25453,22617,25143,29332,25525,27578
23 Madeup Articles(incl.Other Tex,26476,24936,24407,28731,19736,23906,28124,24169,22537,25332,22976,27395,26292,24074,27418,27028,24726,32364,26183,31807,31097,25474,24720,27582,26380,25225,30307,29526,28988,25076,20615,21161,26917,25754,25915,27824,27642,32163,29470,25457,27687,27647,32320,23347,33500,28351,29033,30221,28251,29942,27326,34324,26507,27074,32165,26814,32354,32862,32878,35221,38960,30962,28585,30092,27869,25922,27288,23769,26252,23899,22432,24456,28040,22405,21407,26274,25029,25983,26947,26760,28478,28508,25924,41841,31349,31275,27372,27427,31601,29825,25619,26423,34175,32060,39236,35520,36938,32919,40416,33398,29562,29666,33452,33814,32334,33599,34748,34677,36855,38532,28727,40261,34873,33727,37574,31338,37923,37721,38887,36114,38180,43022,35897,46546,40424,43698,43579,42454,44541,56298,52436,80117,41911,58031,58295,56271,45551,59768,52175,48959,60990,59810,57615,65656,60325,49424,50694,63750,51579,66268,56555,52985,54862,64986,67076,62327,53979,53329,52445,50425,54861,53840,54417,54609,65938,57765,56804,63162,53711,69409,64875,56522,65860,62282,68343,58149,56826,59805,60507,57061,69209,62344,56157,60239,62125,57194,60434,52269,54755,58931,59157,48379,51578,42819,53875,54914,49536,51975
24 Other Textile Materials,44201,53775,68255,60878,44717,64698,45299,46561,47140,41771,35831,41465,49112,50342,43462,49711,39209,46205,50847,46059,56470,55325,42936,50745,37859,39594,48186,44461,34526,44121,40165,32149,43434,45101,48163,49622,39225,47201,44167,43723,51118,50848,38574,40663,46068,57450,49767,47426,46428,50199,45230,54204,50457,44952,47597,44622,58463,52425,54032,39712,49535,46416,41886,39614,37263,37654,37520,33052,34163,34016,45802,40887,42867,41446,51343,47985,40435,53835,41471,51940,47891,60669,54362,60574,47854,47769,61567,59848,55247,62311,63903,67778,77128,78263,81224,75777,55756,50553,45528,46221,48965,51675,59369,58656,59519,64675,66701,62980,57508,60920,54871,66870,55074,52834,59934,53283,65348,63858,62991,58403,63971,53663,56023,62830,48273,54819,49828,45345,59812,52364,51216,52010,49786,57028,51921,47030,46372,54204,46709,48383,63307,50703,49544,63494,49846,48306,52159,48476,42114,52081,45446,47780,47498,43221,51276,44436,40178,41915,39299,38507,47561,44848,51188,48565,55770,40480,50483,50575,43715,49449,47794,47911,43666,39035,50236,44679,45837,47657,55109,45606,44436,44211,43364,55106,44518,52814,64249,44083,51278,50535,54392,48372,57378,47999,43759,52146,47402,47844
,,,,,,,,,,,,,,,,,,,,,,,,,,,,,,,,,,,,,,,,,,,,,,,,,,,,,,,,,,,,,,,,,,,,,,,,,,,,,,,,,,,,,,,,,,,,,,,,,,,,,,,,,,,,,,,,,,,,,,,,,,,,,,,,,,,,,,,,,,,,,,,,,,,,,,,,,,,,,,,,,,,,,,,,,,,,,,,,,,,,,,,,,,,,,,,,,,,,,,
C. Petroleum Group,8159,12566,4120,19193,19910,14721,17493,12580,27041,22070,31354,28356,39082,44244,41555,33656,32029,51755,36795,47209,45298,49411,40789,50356,45174,55577,63892,50644,71019,68644,56805,53837,86777,85659,58678,82530,77165,68655,65488,50187,84397,58046,76520,77432,67094,76613,99250,86857,116571,107213,87550,109493,88585,95334,114744,83845,114014,145551,130830,137057,172872,137877,94579,101699,42319,49968,45595,83968,62372,74173,42678,75471,95139,60457,88455,98814,76398,126226,89543,92279,124390,107438,119124,104816,122553,119599,90412,92837,113182,153883,167310,161990,185892,186185,176851,135013,154532,138399,101636,108676,107268,62618,60061,77454,38877,68969,79329,61547,38801,64656,52578,50395,74187,48663,28622,59788,48153,63598,71001,76573,87485,71641,90612,70234,30709,85072,67329,60861,72177,93793,99387,120076,49434,112477,135350,66967,104333,84798,55925,39686,56594,85204,45264,85024,41360,57443,21922,38011,54925,41942,35493,27426,28571,33674,31711,37723,30985,31167,41376,25314,34758,33852,48179,37045,32079,37228,38036,20700,37122,50116,43556,57550,52472,39089,53548,52803,22830,37837,64403,63186,37796,85791,58719,50800,62736,22751,71142,70558,21170,67714,62829,63752,52860,39580,28266,68425,34757,32415
25 Petroleum Crude,0,0,0,0,344,347,0,0,1667,3360,2834,1755,1262,2325,2658,2782,3567,2228,3394,1765,5815,3128,4755,3708,3776,5337,7417,12034,19630,6077,7687,5317,11985,14083,8213,11730,10022,11177,11754,9752,22750,4965,12435,8281,6288,7235,13449,23056,0,0,0,0,0,0,0,0,0,0,0,0,0,0,0,0,0,0,0,0,0,0,0,0,0,0,0,0,0,0,0,0,0,0,0,0,0,0,0,0,0,0,0,0,0,0,0,0,0,0,0,0,0,0,0,0,0,0,0,0,0,0,0,0,0,0,0,0,0,0,0,0,0,0,0,0,0,0,0,0,0,0,0,20832,0,26397,44231,32591,24282,30212,11092,9554,755,23153,311,0,464,0,0,0,0,0,0,0,0,0,0,0,0,0,5571,1393,0,0,0,0,0,0,0,0,3181,0,0,0,0,0,0,0,0,0,0,0,0,44820,23940,10000,10000,10000,46227,32382,1341,28664,10848,40051,31241,9657,4662,33059,11795,11474
26 Petroleum Products,8144,6161,4007,19165,13007,14348,17471,12529,9517,18577,28033,26532,37758,41898,38829,20106,6428,29072,22325,34619,15405,25087,5647,4959,4042,15997,29652,12071,24524,13414,4517,2217,4336,8119,11454,17230,7390,42550,35744,14946,16318,28902,29190,32538,24366,14447,35567,56249,57952,68630,61256,61417,32909,37672,49665,45874,65548,107493,52913,82359,119950,72999,58341,59866,32966,46569,35473,35496,54217,55914,16923,39690,72989,41164,71077,72442,71888,95228,72745,88486,99252,105308,114751,103019,107482,106157,71698,90800,87862,140047,134373,122738,152404,107444,119269,67778,136226,63348,60916,47933,53153,8103,13163,7370,3950,23406,20346,35698,1328,27856,6516,1032,17853,3392,1463,3164,2765,16235,22246,6691,3658,12095,12501,6701,3176,56805,10936,10990,5588,24506,53978,21464,2282,13977,13002,21026,2876,4349,7948,3288,16473,20878,15191,14444,10942,5206,5256,4564,27248,15491,6658,9655,3107,4691,4321,10618,12131,5004,6041,3901,8643,7289,9231,7400,1742,8643,4650,8489,9006,16843,10789,29934,32939,22446,19478,22602,12880,8698,18036,22567,19735,23621,20819,14778,20959,12123,8619,9239,8114,10644,16880,6333,8021,8211,10177,11204,4325,12902
27 Solid Fuel including Naptha,15,6405,113,29,6559,25,22,51,15857,133,488,70,61,21,68,10768,22034,20456,11076,10825,24078,21196,30387,41690,37357,34243,26824,26539,26865,49153,44601,46303,70456,63456,39011,53569,59752,14928,17989,25490,45329,24179,34895,36613,36440,54931,50234,7552,58620,38582,26293,48076,55676,57661,65079,37971,48466,38057,77917,54697,52922,64878,36238,41833,9354,3400,10122,48472,8154,18259,25755,35781,22149,19293,17377,26373,4510,30997,16798,3793,25138,2131,4372,1797,15070,13442,18714,2037,25320,13836,32937,39251,33488,78740,57582,67234,18306,75051,40721,60744,54115,54516,46898,70084,34928,45562,58983,25849,37473,36799,46062,49364,56334,45271,27159,56624,45388,47363,48754,69881,83827,59547,78110,63533,27532,28267,56393,49872,66589,69287,45409,77780,47152,72103,78117,13350,77175,50237,36884,26843,39366,41173,29762,70581,29955,52238,16666,33447,27677,26451,28835,17771,25463,28983,27389,27105,18853,26163,29764,20020,26115,26564,38947,29644,30337,28585,33386,12211,24935,33273,32767,27616,19533,16643,34070,30200,9950,29138,46367,40619,18061,17350,13960,26022,31777,628,16295,28936,11715,28406,35100,17368,13598,21712,13426,24163,18637,8039
,,,,,,,,,,,,,,,,,,,,,,,,,,,,,,,,,,,,,,,,,,,,,,,,,,,,,,,,,,,,,,,,,,,,,,,,,,,,,,,,,,,,,,,,,,,,,,,,,,,,,,,,,,,,,,,,,,,,,,,,,,,,,,,,,,,,,,,,,,,,,,,,,,,,,,,,,,,,,,,,,,,,,,,,,,,,,,,,,,,,,,,,,,,,,,,,,,,,,,
D. Other Manufacture,169118,174286,194261,203582,160783,214866,195139,162882,204454,193208,185922,219546,214172,201589,215265,232812,208052,235523,197818,207673,266546,263654,234908,268371,226727,239714,255052,250760,222914,258772,242776,244270,298886,258126,275422,262550,217518,256660,218366,215701,226281,229719,197356,216529,259618,233479,258515,272506,251207,270651,257976,269861,252473,230484,265536,284968,309516,336796,331455,339012,373043,329975,356429,280425,283430,258096,245779,275085,282323,267976,270012,288301,282205,255977,293275,293880,235744,295738,278560,246469,338069,348404,316733,341021,309895,349496,326615,313824,309876,344778,303748,327972,430474,402961,395372,426492,379624,391695,363276,359973,349971,333240,355837,407226,408676,423416,467373,391013,439727,405458,369275,391492,341983,308053,367057,340420,391104,427579,440911,435484,436386,343837,377815,380327,308508,339004,343695,351634,369593,398351,430154,399265,370861,393373,398620,368171,331928,386158,336682,335745,364909,375858,359152,388554,343341,322542,349088,311261,271692,321452,258017,304319,332921,312866,320191,356816,267980,300342,322358,273718,297503,285624,271670,291270,350031,292136,359950,346061,301944,388117,334941,333412,360630,318497,334700,343660,393131,353350,346913,324425,314296,346068,302261,341665,299599,308901,333300,265791,331666,322957,367752,286274,342993,268562,298656,318795,340988,309577
"28 Carpets,Rugs & Mats",15597,15956,21219,23093,21895,27555,24869,17605,2276,20180,20586,20909,21765,19274,21189,23262,21479,25533,22597,22818,28992,23985,21476,26457,18857,18375,23786,25091,22921,26547,21160,20360,24825,21291,23670,24616,20343,18878,22029,23599,21631,22305,18123,18582,26739,24852,22171,20420,17495,17916,19265,26528,21088,18609,18402,21970,19333,20991,19387,18713,15921,16115,18871,15102,14586,13601,12941,10981,16204,11557,11291,12261,10061,10998,14269,14002,13563,12586,11833,10078,16222,13855,14077,13703,9117,11103,11491,13676,12795,14426,11141,13206,12872,14663,14339,13860,12362,13551,10959,14130,14859,13806,11935,14342,12699,11619,11008,11420,9336,10780,9760,12447,11803,11702,10778,9776,12060,11628,10643,10343,10242,8159,10259,11953,10056,10694,10053,11468,10581,10668,12642,14820,11891,8696,11781,10139,13026,11847,8483,10619,9385,10121,9386,10752,9285,7242,9034,8668,8783,10143,7819,8452,9815,7863,8581,8148,5266,6519,7783,7429,10100,9333,7101,7421,8733,6985,8729,8247,5680,7235,6137,6876,7770,7191,6911,6364,8564,6738,7144,7652,6383,6173,6233,7231,7983,6813,6030,6132,6467,6706,7501,4640,7014,6007,6026,7288,6589,7659
29 Sports Goods,27596,28052,30827,31864,23444,27809,28059,23572,32819,33190,34151,37682,38190,33359,31269,31441,26281,29079,27502,30966,32102,35787,32938,37466,35184,37448,38426,36988,32894,36567,37602,33578,40255,38601,47063,48352,37673,37659,32282,31010,32002,31551,26288,30765,33978,38020,38871,41881,30648,36633,30069,31742,33111,30542,31716,29733,35136,40212,39333,46489,40731,35306,36404,29171,27933,27186,30078,28996,31506,28974,29629,38908,31259,25060,30248,30547,26794,35117,26229,25926,37994,40451,36565,43667,39770,37996,39315,33849,30419,36957,32812,37925,46329,37032,44630,47173,44841,46030,40145,36471,41111,38450,40532,45293,44667,44246,46741,47556,40534,45025,42744,43260,36074,36016,44055,37076,41530,50006,45696,47728,49646,41662,41045,48252,42115,45118,46350,51646,53276,52669,58591,56662,51650,53392,49914,47709,41010,49085,45317,41619,48885,51218,46717,58291,50583,48425,46978,41492,37742,43063,34019,44104,45327,49348,48218,49816,38645,46899,46284,42225,44094,45652,43103,43971,50950,40942,49547,59162,39235,49947,38006,47443,45597,43194,49738,42328,52990,45111,49257,48597,42027,44630,37683,48236,43043,42602,43342,38716,42230,43945,51843,40280,47895,39020,45146,45529,40728,39392
A) Footballs,18691,16336,19112,20784,13871,17864,17148,14978,19561,19659,18165,21071,21683,19379,16759,18034,14657,16675,15062,16990,17963,19328,16286,17385,17164,18743,19997,17885,15467,19085,19034,19036,22372,22238,26037,22977,20889,19450,16173,16341,17221,14333,12692,16263,18905,20747,22300,21814,17337,21726,16941,17634,16649,15236,15860,15174,19361,20132,20708,22896,18504,18245,16515,12451,10599,12471,12455,12244,12452,12093,11975,14063,13618,10122,12503,13185,11048,15382,11808,11157,17704,19384,17442,19288,17064,13969,14730,13982,8707,13666,11327,12972,17685,13799,17588,14128,17356,15472,14280,11193,12660,11002,13756,14654,15733,13277,16411,15371,14798,14928,14500,15479,12808,11077,14732,11291,11682,16878,14401,17645,14176,12872,11805,14160,13705,14453,15722,21047,19936,19310,19570,18866,17658,20929,16431,14341,14008,16047,15743,15102,17621,22092,16602,22841,20654,21726,20517,19175,13537,16681,11872,17933,17800,21818,19853,20003,16116,21387,15757,15752,14000,15419,13946,15896,17791,14901,19734,22396,14496,18858,13281,17932,16756,15413,16111,19289,19721,17560,19794,19578,17233,18385,14735,17855,16409,15756,18080,17174,17235,18114,21208,17139,19971,17947,18254,21005,17822,16000
B) Gloves,3154,3283,4677,4062,2827,2835,2896,2010,2430,3315,3445,2985,3951,3186,4209,3292,4248,4752,3494,4636,4595,5912,5496,6327,5913,5059,5505,7550,4729,6793,5527,3602,5585,4122,4749,6639,4644,5602,4815,4500,5516,5874,4456,5483,4832,5923,5288,5139,4438,5883,5154,5460,7733,6556,7359,5922,5834,7853,6702,8212,7515,6702,7519,6926,8920,4992,7121,6736,7956,5850,5559,6311,7072,5524,6292,4669,5730,8218,4594,5250,6581,6529,6277,7612,8735,9346,10286,7169,9884,9306,9366,11624,11271,8990,11732,13234,12080,13796,11495,11370,13585,11308,11894,14102,11240,13627,13556,13013,11683,13903,13125,14049,10856,11909,14723,12252,11985,14578,14735,13579,16860,13544,13295,16721,14379,15096,15480,14077,15088,13425,14987,14454,12436,13591,14626,16210,11829,15280,11159,9866,11037,10188,9567,13605,13849,9590,10184,7192,9765,9808,7935,8943,9959,12565,10213,10941,10134,11379,12591,10282,12637,12008,13146,8463,14008,8760,9233,10754,9242,10852,9528,10308,9488,8850,10242,7978,10811,9621,10146,11787,9309,10361,8227,11340,9628,10797,9838,8379,9345,10786,11893,9127,10002,8034,10113,9204,7372,7709
C) Others,5752,8433,7038,7018,6746,7110,8015,6585,10828,10217,12541,13625,12557,10795,10301,10115,7377,7652,8946,9340,9544,10547,11156,13754,12107,13646,12924,11553,12698,10688,13042,10940,12298,12240,16278,18736,12139,12607,11294,10170,9265,11344,9140,9018,10241,11351,11282,14929,8873,9025,7974,8648,8730,8750,8497,8637,9941,12226,11924,15381,14712,10359,12371,9794,8414,9723,10503,10016,11099,11032,12095,18534,10569,9414,11454,12692,10015,11517,9827,9519,13709,14538,12846,16767,13971,14681,14299,12698,11829,13985,12118,13329,17373,14243,15310,19811,15405,16763,14370,13909,14867,16140,14882,16537,17693,17342,16773,19171,14053,16194,15119,13732,12409,13031,14600,13533,17864,18550,16560,16504,18610,15246,15945,17372,14031,15570,15148,16522,18253,19934,24034,23342,21556,18872,18857,17158,15172,17757,18416,16651,20228,18938,20548,21845,16080,17109,16278,15124,14440,16574,14211,17228,17568,14964,18152,18873,12395,14133,17936,16190,17456,18225,16010,19613,19151,17282,20579,26012,15496,20237,15197,19203,19354,18932,23385,15060,22458,17930,19317,17232,15485,15884,14721,19041,17005,16049,15423,13163,15650,15044,18741,14014,17923,13039,16778,15321,15534,15683
30 Leather Tanned,26707,25014,27614,34232,25785,35500,33475,26417,34806,28617,30551,36403,31972,28099,33639,33269,33747,36106,28289,25571,32820,32316,29634,34592,33348,40301,37927,35740,34447,37305,31829,29947,37466,35771,39541,37236,36116,45791,37318,35051,36107,37747,31162,29254,45690,43762,42265,49090,45181,44811,42567,43921,46416,43275,42881,38031,44372,45980,48175,50827,51445,45724,48668,44335,37822,33937,29682,32723,32704,31742,33151,31677,37360,33832,38756,38107,34775,33319,34299,29371,37962,42376,39765,48966,43958,42938,42662,39695,43427,38580,38365,35449,46668,42029,49320,50535,45189,39957,38299,40482,40028,35323,32799,37595,40006,39814,49878,43200,46693,41253,35207,46974,37129,33728,42058,33195,47982,50890,53844,53935,53076,44697,49179,58994,38607,46731,47635,43526,44456,51602,56895,54769,43048,43699,53699,44999,39259,46303,42918,34943,43070,44353,45205,45338,38450,31829,41954,34206,31896,35453,32343,29420,34026,35745,36487,36716,31979,33601,34622,29577,31473,30405,27162,27243,36258,29778,35159,31579,31132,32582,27642,27347,31793,25129,28522,24880,28561,31088,35927,29962,25989,25295,21582,25566,21823,20623,21927,17584,20200,21826,24421,17036,20475,17364,16822,17900,17216,16847
31 Leather Manufactures,19372,17422,27033,28830,22635,30856,27584,21719,23177,25047,23658,28216,24376,23203,28832,28926,26976,30648,25423,19503,25166,25857,23471,29127,25922,32858,37427,44823,47799,42192,39621,39182,50159,22895,24591,26712,20988,25538,26148,24609,22909,25464,21846,22864,24014,19716,23497,25181,23688,26467,24559,27410,22533,22691,26213,20133,25789,24695,22655,27400,29202,29815,34191,23379,26188,25909,23852,23435,21828,18818,19254,19767,17562,22181,21646,23344,19864,19940,17643,17942,21328,21653,20598,27362,25851,28384,29370,27847,34997,31609,31128,34243,36088,32567,32448,37245,34670,45598,41257,39456,38621,35912,35023,33041,30997,29327,29127,32815,32525,42248,36758,41707,34745,32708,40061,32862,37397,37681,32902,30520,35782,36525,36627,48286,37551,43393,46152,43177,41060,42178,39679,43114,44859,50468,53851,44084,41164,50703,47240,43877,42957,40967,41172,45259,50181,46345,49804,39072,36503,39674,36424,38291,37496,35050,33168,45955,35474,41243,42604,35323,39497,39183,37595,38668,42621,36476,46755,51310,38400,55032,52716,49302,55148,46220,55156,53426,47196,50396,57199,54725,51106,55131,41440,43681,37943,40070,44060,35834,37089,34816,43524,38834,38790,41467,39050,48346,42036,43167
A) Leather Garments,12019,11032,16366,18770,16420,20738,20391,14649,16062,18092,16409,19677,17663,16121,18565,19088,19594,20407,16496,12537,16696,16525,16773,19055,16573,21883,25869,34597,34466,30992,31825,30878,40994,15573,16230,17622,13201,17163,17159,16087,15540,15730,12769,12106,14139,9715,13509,14034,13311,14385,14869,17442,13220,14068,16007,11519,13749,13141,13868,14658,16341,20377,24117,16099,17584,18930,17390,17087,14835,11337,12196,13819,12511,15847,16153,16732,15019,14357,12706,11370,14520,15712,13491,18913,18240,18554,19891,20148,24078,20063,20715,20735,22190,19525,21539,22435,22972,30044,26530,22937,23550,19221,19741,21631,20400,15729,16185,20341,17977,27603,24095,25798,21514,20233,25213,20582,22136,23858,20035,19778,22083,24931,25848,34998,27324,31657,33931,32214,29116,31480,28266,29966,32561,36033,39833,29056,28106,33912,31939,27720,26610,25274,24082,29024,32910,30020,31371,26197,24084,24906,24929,25361,23781,24082,22194,34077,22452,30315,29655,22276,25238,26943,26682,24750,23510,21259,26741,31599,24210,33925,35583,27658,32092,31457,31745,31555,27024,27184,31205,31829,25537,31826,22750,24965,22168,25262,25838,19920,22965,20324,27383,23882,22854,25464,23101,29858,25125,28212
B) Leather Gloves,4613,4125,5248,5438,3620,4411,4095,4838,4503,3630,3881,5250,3643,4275,5808,6602,3903,5111,5241,3990,4773,5001,4208,5478,4170,8101,6738,4275,7670,5729,3834,4758,4388,3250,4201,4394,3990,3867,3807,4748,3893,4086,4051,5313,4777,4875,4025,5432,4147,5031,4516,4088,3917,3355,4529,3579,4601,5092,3729,4573,3885,4073,3512,3121,2821,3337,2902,2758,3030,3146,3711,2816,2776,2544,2304,3598,1957,2667,2929,3297,3654,2875,2916,4096,3472,3757,4271,3356,3941,4601,4282,5484,5747,4759,5518,7419,6224,6024,6210,6169,5175,6580,7467,5679,5612,6130,6637,6194,5431,5505,6767,6892,6428,5081,5936,5380,6632,5500,4510,4716,5757,5606,5072,6685,6097,5668,6795,5605,6381,6380,7281,8122,7100,7895,7716,8517,4912,7274,6868,7389,8176,8711,9127,7246,9529,8666,10558,8345,7773,9445,7505,9119,9222,7287,8020,8393,8456,6451,7132,8142,8794,8453,8259,9715,11035,8485,12347,10811,8082,11982,10490,11901,11979,11283,11550,11709,12321,11800,12492,12815,13468,11800,10088,14554,12172,11066,13865,11768,10100,11142,11563,10898,11861,12487,13193,14602,13974,12674
C) Other Leather Manufact,2740,2265,5419,4622,2595,5707,3099,2232,2612,3325,3368,3289,3069,2808,4459,3236,3478,5130,3686,2976,3697,4330,2490,4594,5179,2875,4820,5951,5663,5471,3962,3547,4777,4073,4160,4696,3797,4508,5182,3773,3476,5649,5026,5445,5099,5126,5963,5715,6230,7051,5174,5880,5396,5267,5677,5035,7440,6462,5058,8170,8976,5365,6562,4159,5783,3642,3560,3590,3964,4335,3348,3132,2275,3791,3189,3015,2888,2917,2008,3275,3154,3067,4191,4353,4139,6073,5208,4343,6978,6944,6131,8024,8151,8282,5391,7391,5474,9530,8517,10350,9896,10111,7814,5731,4985,7467,6305,6280,9118,9141,5896,9017,6803,7393,8912,6901,8629,8323,8357,6026,7942,5988,5707,6603,4130,6069,5427,5358,5564,4318,4132,5026,5198,6540,6302,6510,8146,9518,8432,8768,8171,6983,7963,8990,7743,7659,7876,4530,4646,5323,3990,3810,4494,3681,2955,3486,4566,4476,5817,4905,5464,3787,2653,4203,8076,6732,7667,8900,6109,9125,6643,9742,11078,3480,11861,10162,7852,11412,13502,10081,12102,11505,8601,4162,3603,3742,4357,4146,4024,3351,4577,4055,4075,3515,2757,3886,2937,2281
32 Footwear,5454,5274,8644,7958,5180,6656,7390,6257,5938,7517,5070,6349,7160,8421,6322,10752,7508,7148,7123,7490,13968,9925,8563,21354,8164,12310,9218,9372,7375,7870,11213,13362,14934,10101,9977,6662,8005,11326,9170,5950,8583,9073,8247,9197,13685,10274,9705,7138,10478,10282,12344,11611,6072,7236,10766,11413,9080,9037,9473,6508,9968,8224,9893,6413,5700,4705,5157,6617,8381,7844,8230,7485,7358,7950,8818,6285,3671,6374,5479,6667,9097,6516,6350,6926,5856,7683,8797,5612,4902,5029,5273,9797,11919,10717,6872,9545,9081,10715,9761,7086,7804,6339,8493,9413,9554,5967,6007,6090,6870,8857,9230,7777,6624,5650,7612,9905,10972,7802,7398,7673,8399,8952,11545,9934,6245,8124,10643,9216,11576,10670,11381,9710,8572,12885,12826,10735,7510,7901,8367,9787,11560,9492,8122,8546,8020,9313,9405,7670,6040,10165,6637,7391,9862,6066,8812,8956,8536,7768,8202,7229,6269,6380,6899,8006,10566,5347,7897,6680,6990,10643,8931,6733,5663,6887,7901,10983,10443,8936,9807,8787,10236,10624,9973,8207,8361,9939,10544,11215,11784,13453,13334,11507,12877,15392,10401,13397,10079,12204
A) Leather Footwear,3178,3017,5031,5489,4216,4053,4560,3518,3619,5085,2661,3928,4919,3905,3325,6445,4966,4320,3930,4022,7056,4618,3948,10112,3255,6226,4933,6804,5343,5772,7177,7935,8663,5194,6766,4641,5117,8254,6721,4427,6979,5350,6075,7481,11743,8700,7414,5192,7518,8111,10175,9978,4443,5118,8782,8959,6636,6463,7434,4978,7210,6555,8240,4617,4355,3489,3658,4519,6484,5689,5791,4328,4762,5737,6899,4531,2353,3619,3952,4732,7186,5151,4686,4764,4208,5197,6700,3818,3393,3928,3811,8120,9702,8678,4787,6219,6137,9195,8448,5214,6877,4738,7255,8090,6983,4441,4077,4209,4040,6089,7168,5850,4340,3838,5385,7187,7203,5274,4736,5081,5187,7084,8016,7069,4643,6645,7896,6563,8868,8645,5971,7421,6688,10619,10123,8247,4751,4544,7124,7773,9396,7057,5953,6807,5705,7259,5545,5532,4238,5712,5181,5003,7436,3640,5503,6637,6641,5972,6687,6334,5320,5300,6259,6992,9216,4303,6720,5543,5890,9440,7392,5595,4791,5330,7163,10062,9009,7331,8067,7406,8604,8927,9023,6857,7473,8460,7935,8332,8670,10013,8699,7886,9465,11894,8219,11317,8384,10639
B) Canvas Footwear,500,344,550,671,256,552,460,638,502,751,1189,771,499,869,723,976,503,898,629,276,503,607,586,246,578,490,630,359,378,401,350,359,432,151,833,514,824,508,730,801,423,2016,827,246,379,543,469,176,606,503,389,537,523,335,414,662,899,694,315,606,570,399,501,245,239,369,399,377,356,374,429,636,439,343,301,237,179,634,380,220,342,116,295,128,1,137,69,59,61,89,27,36,41,84,13,143,93,40,44,51,17,111,45,39,34,42,133,37,131,23,7,27,35,0,0,0,0,29,0,11,0,0,0,6,0,0,0,24,0,0,0,35,0,0,0,0,0,25,0,0,0,0,0,0,6,2,23,0,0,16,12,0,13,102,0,0,8,7,64,0,38,13,1,0,22,0,0,0,0,3,0,13,0,17,13,16,11,30,14,0,0,0,0,10,0,0,19,0,4,0,0,15,59,5,6,0,37,0
C) Other Footwear,1776,1913,3063,1797,708,2051,2370,2100,1816,1681,1220,1651,1742,3647,2274,3331,2039,1930,2564,3192,6409,4700,4029,10996,4331,5595,3654,2210,1654,1697,3686,5068,5839,4756,2378,1506,2065,2564,1718,722,1181,1707,1346,1470,1562,1030,1822,1769,2354,1667,1781,1096,1107,1783,1570,1792,1545,1880,1724,925,2188,1269,1152,1552,1106,847,1100,1722,1541,1781,2009,2520,2157,1870,1619,1518,1139,2122,1146,1715,1569,1250,1368,2033,1648,2349,2028,1735,1449,1012,1435,1641,2176,1955,2072,3183,2850,1480,1269,1822,911,1490,1193,1284,2537,1485,1797,1844,2698,2745,2054,1900,2250,1811,2227,2718,3770,2499,2663,2580,3212,1868,3529,2859,1601,1479,2746,2629,2707,2025,5410,2254,1884,2267,2702,2488,2760,3332,1243,2014,2164,2435,2169,1740,2309,2051,3838,2138,1802,4438,1443,2388,2414,2323,3309,2318,1887,1789,1450,894,911,1067,639,1014,1328,1044,1177,1137,1100,1200,1539,1125,872,1540,725,905,1422,1576,1727,1381,1632,1697,951,1340,888,1478,2590,2883,3109,3440,4634,3607,3352,3493,2176,2080,1658,1565
33 Surgical Goods & Medical Instr,11930,11666,14627,16730,12564,15112,12723,11506,14509,15640,13519,16769,15431,14523,14968,15870,14608,16772,14210,14364,18515,16160,16427,20166,16641,16847,18794,20265,14737,17905,15197,18142,19427,19066,21762,22073,16571,17808,18008,19184,16437,21525,16530,18866,22152,19891,23595,25736,19864,20433,23780,23400,21427,21645,18754,20947,23927,26186,24013,29233,23800,20915,28237,19265,19737,22000,19383,22806,25725,24721,27632,24845,24639,21783,27765,24221,21881,22504,18923,19676,25433,23453,20745,25770,24119,26742,26701,24731,25143,26777,21398,25795,30278,29682,26169,29144,29962,29262,23747,28015,27766,27430,26558,29145,26304,26555,27990,29639,27094,34481,28121,31935,25275,29553,27269,26427,26667,32340,27843,30265,32357,30357,32169,34387,26511,33013,28818,29107,32896,31394,34012,32686,37745,29180,33881,35515,28521,37124,29864,31857,32960,35348,31127,37730,36700,29071,37417,33091,31656,34973,29040,35995,39022,35168,38310,43238,25284,31531,33450,31228,29531,32376,30524,30726,35323,34736,38511,43039,28925,44137,30942,33784,34907,38554,36039,33690,42183,38046,37817,42677,35505,38929,30914,40738,33304,37989,36108,33901,35956,37545,44171,32493,38415,35776,33561,38385,35176,40879
34 Cutlery,1100,987,1351,1631,1057,1759,1863,1610,2211,2092,2212,2481,2544,2768,1559,2007,3689,3400,1940,2845,3443,2816,2360,3414,2779,2380,2717,2732,2084,3696,1834,2548,2683,2119,2324,3011,2401,2517,2721,3718,2690,2660,2215,2401,2641,2317,3897,3767,2831,3060,3182,3093,2270,2672,3473,3295,2781,2808,3202,3360,2685,2634,2533,2629,1710,2235,2142,2399,2842,2398,3040,3179,2576,2459,4078,3013,2300,2925,2914,3008,4340,3914,2503,4241,3056,4024,4115,3346,4358,4984,4206,4229,5085,3908,4186,5001,3807,5155,3606,5674,4293,4633,3529,4957,4090,4077,4995,4452,4822,4993,4575,5602,4187,3256,4512,4261,4628,5358,5253,5620,4725,4581,5326,5263,4475,5082,4458,4748,5503,5328,5453,5912,5873,4519,5065,4999,4192,5246,4338,4998,4980,4398,4853,5603,4771,4021,4100,4717,3969,4651,3799,4492,4477,5680,4706,5728,3911,5467,4455,4725,4555,5040,4295,4995,6168,4968,4943,6719,4168,5599,5109,5917,6188,5394,6011,5658,6486,5460,6202,5361,5214,6162,5042,6266,4739,6413,5744,5885,5742,5841,8356,5033,5989,6298,5932,6699,6297,7187
35 Onyx Manufactured,1025,1059,694,858,579,877,747,731,897,941,747,1171,838,1099,1168,1090,796,1108,689,778,1179,1133,917,841,756,998,1153,740,861,720,889,601,1169,780,691,906,704,945,914,912,746,828,815,659,1162,1133,1098,936,1143,1003,854,1787,1390,1483,1402,1225,1561,1557,2026,1384,1487,1434,1077,1355,1594,1190,834,1320,1520,1385,964,1372,1424,1150,1600,1589,1310,1185,1297,1182,1667,1207,1785,1947,1890,1314,2076,2224,2745,2528,2105,1544,2512,3215,3562,3238,2455,2615,1997,2591,2566,2393,2132,1816,1953,2274,1986,2088,1351,1746,1125,1619,1561,1240,1483,1106,1893,1849,1648,1658,1707,1601,1647,1849,1694,1968,1271,1521,1355,1049,1818,819,960,947,1135,734,869,863,810,1041,1077,1311,988,726,872,979,1072,543,666,1025,605,827,1460,1050,1264,1232,493,1092,752,843,806,766,530,716,718,426,632,568,353,842,550,689,333,569,372,703,441,419,686,375,569,413,328,521,606,511,562,441,804,1033,710,266,678,361,488,650,438,569
36 Chemical & Pharmaceutical Prod,37421,33202,32454,27575,26348,40319,28515,30031,30468,29963,26506,28224,28928,35831,39106,42051,36220,42653,42079,48217,64609,62240,60517,47416,49764,33339,42673,30243,24835,38002,50529,48310,59438,63096,57573,49891,38423,41733,30799,30831,42008,40509,39444,44168,47055,26838,42205,49934,48541,48363,48150,46497,41130,40200,53889,63901,60041,70738,71852,72530,68042,66124,68918,54205,51750,47844,43616,52337,54703,51891,49516,58910,51917,52049,68245,63246,50583,74788,63562,66868,94416,90721,93359,85406,75177,73858,67507,76751,80351,104896,72134,73052,115519,113036,109768,127653,108463,111626,101709,107487,95384,88279,88401,111667,106633,116993,120613,107304,109242,108983,100130,103458,98447,76330,98601,85370,110992,96443,110940,100669,102619,92728,99781,87598,75184,72677,84791,89493,94496,115561,115291,107423,93432,122551,103182,106961,86372,115199,91474,97361,107507,103991,106663,115266,98453,91576,97519,86946,65003,75969,63894,81733,100696,87122,93497,109909,79317,75936,99209,69585,89522,78341,77267,95008,121300,99199,130653,97962,103759,135789,124274,114328,130830,111196,103376,131467,128217,123102,96493,86741,97235,111252,97156,102157,95657,104783,112224,76386,121215,111541,103040,97814,104752,65743,85444,84173,75780,86591
A) Fertilizer Manufacture,236,155,894,2595,1686,833,1151,1909,944,172,62,42,550,50,1278,7,0,0,0,3,144,6,55,439,140,133,226,647,1006,136,28,168,153,31,134,0,423,219,53,17,136,144,149,0,25,63,3,20,154,46,289,170,47,110,275,2,0,14,0,75,0,23,32,166,22,0,61,0,3,0,67,289,0,0,0,7,4,23,0,0,0,0,145,0,0,0,0,0,105,0,0,0,0,12,0,20,39,0,0,0,0,0,24,10,24,0,0,36,0,0,0,0,0,0,13,0,30,4,418,15,0,26,0,13,0,14,5,0,9,0,17,0,69,0,0,1,0,0,0,0,0,0,0,82,0,0,4,0,0,0,37,43,0,0,7,10,102,0,5,3,34,0,0,919,6940,6247,2669,6614,15307,20302,19439,22193,21677,0,0,4079,9648,1339,1444,334,110,0,0,0,0,0,0,0,0,0,0,0,0,0,0,0,0,0
B) Plastic Materials,13653,7915,12135,13741,11115,19749,12452,13672,12196,13031,14191,11138,10322,21108,17849,20415,19703,18860,18538,26903,27783,28015,26077,21825,19101,14890,15167,13289,10063,16040,18256,22563,26723,30513,31273,18883,17012,13643,10934,9211,13248,15666,10754,15655,15068,11322,13133,13763,13956,15118,18098,19494,17490,14955,19194,28361,25322,33110,33584,30240,24886,28084,30909,24093,19893,23161,22797,25215,23224,23111,23834,30023,22471,19700,25712,29692,19273,29355,27337,28138,46304,44124,36109,30208,34561,29564,34592,35143,34108,58511,36646,33308,47552,51103,52482,46718,44630,49483,45769,40948,40503,33255,43824,56504,39245,55379,49256,41835,39894,46035,39261,40387,35669,30568,42920,30201,30204,33730,33912,31219,35911,33116,37747,35980,28560,27383,39097,28604,30052,37109,36857,34275,26749,40078,30534,29770,35047,53625,37497,42523,42123,35175,33722,39678,29299,35711,42598,25923,27307,29239,24683,25724,34652,32637,35090,43836,30663,22913,40463,21265,32053,28297,31311,27395,44639,30297,30094,24388,27531,32575,44738,21121,25805,51065,28933,51530,45816,37633,26151,22267,36169,38888,25418,32849,30636,33478,42138,38469,37095,34433,32385,32146,34999,16854,27207,30371,27133,33905
C) Pharmacautical Product,5583,5982,4736,5733,4154,5166,5781,6347,8025,7252,4911,5545,6458,5530,5917,5668,4319,6820,5822,5756,4400,4742,4522,4969,4219,4281,5910,5064,5480,6343,8036,4919,6933,5105,5870,5783,5513,6515,5800,7231,6146,6648,6215,6335,7224,5991,8489,6845,6794,7490,6975,5703,7692,5337,7209,6940,7032,9380,9204,6751,10840,9607,6167,6909,8118,6059,9129,7262,7744,7678,6822,7714,7917,7641,6750,9013,6869,10006,8933,10121,9931,9383,6747,10246,8740,7199,7437,9335,10031,11009,8873,8010,9938,11085,10942,9905,10367,9872,10830,9554,10007,11318,11048,11559,11845,12239,13775,12817,13347,14136,10424,11529,10219,13388,15468,12791,13454,15144,16554,13994,12769,13266,12703,12476,11550,13369,13902,11621,13301,14444,16294,14587,14743,15903,16756,19722,14418,19942,19282,17596,17460,19481,22013,19308,17425,13812,19137,16159,14476,19518,14282,15315,19751,16861,18228,16956,14930,19255,17085,16291,19733,19579,16310,20139,16304,16810,29467,19348,27203,24414,20692,19146,23973,24938,19912,23059,20020,21029,16751,16852,16547,16223,16673,18815,18132,16613,18868,14675,15760,18369,17835,14332,18025,14520,18733,19669,16559,17901
D) Other Chemicals,17948,19150,14688,5505,9392,14571,9132,8103,9303,9508,7342,11498,11598,9143,14063,15961,12198,16974,17719,15555,32281,29477,29863,20183,26304,14036,21370,11243,8286,15483,24209,20661,25628,27448,20296,25225,15475,21356,14012,14372,22477,18051,22326,22178,24738,9462,20580,29306,27637,25708,22787,21130,15902,19799,27211,28598,27686,28234,29065,35464,32316,28411,31810,23037,23717,18625,11630,19861,23732,21101,18792,20884,21529,24709,35783,24533,24437,35404,27293,28609,38181,37214,50357,44951,31876,37095,25479,32274,36107,35376,26614,31735,58029,50837,46344,71010,53427,52271,45111,56985,44874,43706,33504,43594,55518,49375,57582,52615,56001,48811,50445,51542,52559,32374,40200,42379,67304,47565,60056,55442,53939,46320,49330,39129,35074,31912,31787,49268,51133,64008,62122,58561,51870,66570,55891,57467,36907,41633,34695,37242,47925,49335,50928,56197,51729,42053,35780,44863,23219,27213,24892,40651,46294,37623,40173,49107,33622,33768,41656,32027,37703,30465,29646,46555,53417,45845,68422,47613,33718,58498,39405,51867,59375,35193,54530,52800,52734,63100,52147,47287,44409,56141,55065,50492,46889,54692,51218,23242,68361,58739,52820,51336,51728,34369,39504,34132,32089,34785
37 Engineering Goods,15270,24186,18632,18513,15508,18251,20116,13866,40607,16597,15202,22128,27637,18481,18825,24961,23655,25661,21319,20734,25878,29402,21944,27083,18055,29370,26066,33136,21862,34366,24044,17795,24046,29513,27774,25486,18479,34155,24403,32163,28005,28025,13472,26722,24556,32911,36599,25195,23029,28786,24973,27498,22481,18615,26636,27984,29446,29256,35356,31181,36456,35665,43529,23778,25254,22409,19464,26952,22563,38485,25794,27148,39262,21556,21074,24525,18513,21770,23991,19897,26823,29180,25756,28430,32444,64263,30260,25269,26478,31997,29819,31379,40647,42017,33373,35423,35591,36530,24833,23830,29068,29339,29529,28440,35993,40409,44315,33785,30035,30110,31109,31044,27664,31337,30957,31637,30396,36239,27093,23579,24698,27940,26732,27911,23363,28556,19996,23270,23825,28836,38054,23803,27142,18343,21387,18972,19057,21233,23080,24783,23806,32938,22196,22228,15789,17906,15871,17944,18302,22765,19901,17133,15340,18718,17315,17189,14084,20916,12820,15170,12791,12240,12224,15204,18334,15435,16337,17338,15553,18881,14332,16280,19184,16492,17566,13252,43340,18857,23913,15838,14174,16946,21808,20899,14116,15799,16636,16590,25058,18884,42232,15070,39182,16544,23115,24423,74692,20199
A) Electric Fans,1388,1602,1626,1436,659,807,920,771,1005,1157,1970,2064,1501,1547,1245,1359,1131,943,547,1027,1565,2081,1675,2477,2195,1950,1108,1054,844,1700,834,1173,1411,1551,2648,2706,1958,1868,1513,1067,1344,1656,836,1421,1973,3000,3318,3220,2992,2716,2736,1674,1528,1386,1319,2216,2036,2652,5027,3288,3137,2764,2500,2073,1599,1692,1282,2189,3005,3394,3818,4662,4298,3017,3067,3061,1661,2036,2818,2382,4159,4660,4673,5093,4420,3796,2779,2648,1750,2912,2438,3305,5088,4991,5644,5769,4517,3305,2017,2574,2043,1646,2253,3173,4551,4535,6328,6553,4435,2790,2808,2847,2240,2263,2957,2907,4230,5717,4346,5709,4405,2313,2211,2465,1926,1846,2889,3394,4933,5910,6562,5068,4347,3056,2845,2456,2779,2796,3404,4068,5028,4664,4585,5643,3229,2871,1730,1534,1497,1700,2172,2986,4717,4171,4396,4024,2205,2778,2448,1577,1234,2330,2927,2864,3423,4103,4551,3551,2383,2489,1289,1363,1764,1795,2025,2505,3827,2714,4502,2610,2614,2295,1510,1753,1446,1811,2607,2455,2984,3216,3838,2561,3428,1835,1735,1772,1308,2029
B) Transport Equipment,3437,4216,4848,5158,5747,5958,9738,3979,26853,4228,3256,4429,5579,4095,4966,5251,4959,4803,4247,4211,4127,5557,3652,4589,2985,6074,4950,5463,5751,5757,6237,4153,4272,2880,4020,3699,2982,4095,5205,3581,4981,3493,1776,3812,4973,4418,5757,6433,4698,5705,5086,7219,6736,3771,7354,8848,5808,5621,8916,8608,6459,4941,6376,4390,5838,6216,4966,7975,3760,3357,5095,4183,9440,7279,7584,7231,4917,5653,6610,6638,5369,5529,4989,7521,9611,8015,8934,7970,8868,9101,6983,9776,10325,7851,7964,12177,10750,12237,6736,7784,6036,6851,6986,5951,9349,10116,4893,4328,5459,7915,6566,6866,5569,4804,4597,8687,5518,4828,4748,3468,3470,5542,4407,6124,4690,2480,2081,2710,3980,2477,3189,2531,1969,2696,1249,2042,1139,1125,1283,1272,1521,1684,1724,990,1400,1485,1671,1723,823,1481,700,842,582,863,815,748,839,590,1055,956,706,565,628,1296,1198,1748,490,1466,543,487,1387,847,597,906,706,373,23986,608,1271,326,415,258,3624,335,464,880,480,437,6331,1528,22414,2543,24788,2428,2554,1646,58301,2704
C) Other Electrical Machi,4435,4171,3514,3801,4087,4629,3918,3594,3846,3450,4124,4242,3707,3154,3662,3578,3240,4701,3238,3852,5336,4928,4297,5142,4274,4165,5130,5146,3274,5648,2947,3443,3585,3316,4579,3758,3209,3496,3713,3226,3086,4528,2317,4026,2787,3814,4705,4071,4018,5368,4591,4145,4325,3802,3690,3762,6124,5601,6933,5467,5687,6013,9288,8089,4749,7172,5878,5508,4936,5603,6318,5441,7252,3945,3563,5233,4720,6286,4874,4174,6992,7867,6473,7407,8529,10408,8304,7688,7919,8846,6830,6064,6853,6863,5749,5787,4810,7580,5441,3984,3960,4699,4357,4538,6861,12054,17640,9292,6898,5828,7123,8142,7203,7879,11712,5357,4867,2622,3093,3575,4432,2767,4898,4445,3683,5836,4060,3372,4404,4189,4566,4313,9651,3079,5512,3385,4889,5437,6130,3726,3347,5943,3681,4102,3559,5022,3222,2752,4089,4909,2434,3697,1248,3361,3515,3485,2353,2850,1388,2725,1198,1834,1889,1077,1836,1206,1904,1375,1473,2968,2853,2939,3026,4436,2720,1809,2772,2832,3343,3918,2115,4287,5880,10196,2903,3967,3836,3574,3881,4156,4571,4081,2567,3400,3729,4147,3755,4318
D) Machinery Specialized,1061,1484,3826,2630,1041,1910,1808,1384,3517,3487,2063,6451,4190,1981,2251,2145,1458,5082,1565,2894,2307,3296,4579,1858,1971,1129,1189,2260,1906,2168,2566,2052,2212,2268,3686,2129,1452,2408,3044,979,1961,1334,2482,1943,3224,3033,4604,2851,2315,3289,4121,2974,2365,1895,3668,3421,4219,4634,7579,4408,7183,4191,10032,2419,2536,1633,2803,4076,4094,4161,4085,3974,4643,3096,2542,4257,3590,2108,4027,2481,3124,5287,5611,2582,4381,2835,3815,2205,2855,4292,6321,6229,8560,7843,5823,4353,6360,4878,4122,3353,6814,4662,5066,4270,5219,3431,4819,3546,2959,2891,2588,2430,3110,4293,2297,1944,3814,3676,2252,2295,2359,2298,1771,1870,2175,5229,1845,2474,2324,3833,2173,2612,2774,2481,4379,2276,1220,3508,2599,5060,4483,2307,3600,2643,2259,1814,2710,3600,3061,1952,3114,2404,2153,3147,2790,2643,1714,3062,2442,2583,3302,2555,1566,4732,3146,1854,2282,2629,1894,3744,2213,3785,3524,2010,3689,2230,4102,4280,3132,2482,3451,2827,2543,2307,1403,2146,2919,2262,2629,2992,2593,1148,2727,1719,2201,2223,1709,4233
E) Auto Parts,467,386,362,702,695,656,423,374,642,671,572,815,756,390,747,599,591,748,798,756,943,535,977,1022,784,918,806,939,1081,835,938,795,1183,1336,1207,1656,1521,1732,1009,1346,1245,1152,1028,947,1354,1135,1283,1460,1399,1292,1236,1503,1392,1090,1196,1291,1550,1742,1285,1970,1405,1812,1633,1115,1090,1208,1469,906,1095,724,869,753,626,798,801,646,868,601,1067,816,934,964,1021,1118,870,1039,1568,1908,995,1384,1493,1626,1834,1649,1916,1805,1795,2857,1695,1057,1881,2424,2303,1897,1979,2404,1534,2696,1724,2056,1759,1753,2073,1307,1704,1617,1760,1696,2071,1186,1558,1466,1763,1467,1025,1523,1497,1520,1950,1702,1570,1412,1274,1504,982,1486,1025,928,1458,1418,1214,1300,1188,1008,1243,1012,1147,963,1032,956,1100,927,1197,1092,963,1435,982,1012,1271,873,871,782,1030,873,1855,795,1636,1086,1088,1549,1139,1491,942,871,1547,1381,1463,1179,1788,2027,1365,1092,1521,1171,1714,1064,1424,1023,2001,1423,1689,1137,2043,1467,2086,1214,2213,1247
F) Other Machinery,4481,12328,4456,4786,3278,4291,3310,3764,4744,3604,3216,4128,11904,7314,5953,12029,12275,9383,10925,7994,11601,13006,6763,11996,5846,15135,12886,18273,9007,18259,10522,6178,11384,18162,11634,11537,7357,20555,9919,21963,15388,15861,5034,14572,10246,17511,16931,7160,7606,10415,7203,9983,6135,6670,9409,8448,9709,9007,5616,7441,12586,15944,13700,5692,9441,4487,3066,6298,5673,21245,5609,8134,13003,3422,3517,4097,2759,5085,4595,3405,6245,4873,2988,4708,4632,38170,4860,2851,4091,5462,5753,4379,7988,12820,6278,5532,7360,5673,4822,5078,8334,9056,8564,8612,8034,7870,9101,7370,8560,8629,10265,9006,7470,10791,7688,11124,10206,17700,10583,7346,8474,13554,11681,11541,9864,11641,7624,9800,6233,10725,19994,7869,7126,5526,6420,7326,8006,7439,8206,9239,8213,17040,7419,7841,4099,5703,5390,7373,7799,11766,10380,6277,5443,6084,4836,4854,5992,10625,4216,6456,5480,4174,4185,4362,6876,5729,5473,7230,8171,7645,5452,5855,9331,6474,6879,4954,7190,7244,9877,4475,4214,6186,6730,5138,6186,5930,5369,6840,7233,5569,7126,3600,3629,5695,10811,13421,7406,5669
38 Gems,139,149,170,263,124,846,266,169,187,186,265,309,206,117,567,427,261,352,272,346,335,313,387,205,295,188,379,500,295,672,520,223,251,325,382,341,225,284,327,295,338,702,528,389,457,441,541,367,322,250,349,445,552,237,674,405,578,374,289,421,243,1203,250,129,351,130,284,242,241,852,324,160,204,176,155,179,149,135,884,150,188,153,245,217,328,222,159,299,222,513,291,129,279,373,284,315,190,200,125,204,281,99,306,599,224,160,237,295,173,1703,379,309,175,135,310,364,678,213,282,363,358,722,579,481,631,395,396,684,733,756,491,333,790,324,862,388,969,1000,889,1069,480,736,310,440,385,205,225,596,1015,323,401,553,401,360,322,315,533,413,212,1302,955,405,383,529,585,859,319,331,266,363,429,661,507,511,661,692,606,488,328,1237,623,443,406,407,367,429,361,503,156,398,222,588,1330,508,346,771,263,704
39 Jewellary,887,677,739,1366,564,1114,1050,946,790,1148,889,977,1029,1014,1319,934,792,804,593,570,1912,2088,1405,1004,527,513,1072,718,906,1633,932,965,580,1110,702,1121,638,1056,892,934,1049,917,882,889,1118,925,1381,2549,1667,871,3560,989,1773,915,1466,1476,2862,5886,1592,1516,2197,1843,1756,2363,1760,3053,1078,2379,813,790,1555,2848,1126,1719,9578,9190,943,22353,21514,6184,7214,21528,2338,2375,1855,7362,28330,7886,1859,5047,20789,10728,28080,17508,20107,11370,1361,2330,12277,1514,1581,5594,25461,42555,41563,24595,49843,4162,57556,8144,7739,4402,3226,1554,10129,6421,1420,25855,49793,76967,38288,3473,4103,1331,1470,1139,543,4804,1120,981,1722,2313,1437,1777,759,911,830,723,688,845,347,815,621,897,557,774,663,825,638,410,347,301,745,723,704,692,621,827,606,603,1327,567,826,338,575,375,536,401,569,567,386,686,394,492,695,372,2872,442,568,318,632,362,250,500,532,298,473,424,662,511,645,288,364,605,830,398,875,504
40 Furniture,1016,952,1386,974,816,2068,758,734,1027,1097,975,1247,813,1007,1097,922,1047,1431,804,801,936,1149,899,1133,704,864,1073,891,880,1033,750,762,1064,880,780,870,819,794,995,530,1148,1266,1194,782,836,969,881,855,539,400,1060,923,1272,638,949,756,1250,777,793,708,957,540,907,528,480,586,700,522,387,605,1000,685,869,442,736,515,519,589,512,625,621,623,501,646,579,387,518,324,592,454,330,641,699,587,445,635,767,367,401,465,628,531,481,459,441,780,650,603,1488,355,430,703,537,567,823,715,505,590,628,468,554,662,822,672,524,904,616,411,1624,1286,526,741,646,456,514,1035,322,662,546,392,596,546,570,524,544,454,596,410,547,473,408,310,411,757,475,474,137,418,449,355,186,295,191,234,288,306,255,507,166,629,153,287,205,298,332,230,333,162,638,244,169,86,261,204,300,398,261,246,313,316,257,344,168,198,267,249,113,541
41 Molasses,2455,4858,4370,4168,1537,2070,3622,4286,5903,4538,5459,9006,6356,6295,5457,8215,5141,7816,204,6979,6993,10453,4210,9710,5876,434,2431,1272,2358,955,1495,3212,7799,8626,7188,5966,4126,2880,2455,28,3385,1303,2812,2052,1288,2008,1223,2265,4073,2573,2665,1170,1477,3402,2191,6381,5100,13553,5110,5168,15224,10141,9359,7014,10580,3334,9498,10473,10130,4496,6114,6011,6662,3872,3637,1227,1598,2844,7895,2414,6249,7174,7330,2790,239,1316,2034,968,745,41,2194,5410,1778,50,126,123,14,2590,0,6,0,6,677,1693,20,3631,1966,235,30,6597,3457,1521,13,17,5463,15292,6222,4044,3709,3,4348,469,81,10,0,267,3839,449,1147,2566,5,316,2967,1047,0,44,2228,88,0,17,2217,712,3,769,1591,0,89,741,158,4,688,2832,784,732,8,813,411,15,2,73,5,822,382,376,400,733,647,5207,679,1017,4509,506,423,415,0,2603,400,24,1035,307,1276,2261,56,0,23,41,46,462,282,1326,2592,34,40,1,0,38,30,23
42 Handicrafts,0,0,2,0,0,0,27,1,7,0,15,2,0,9,0,4,13,2,11,3,14,54,80,61,29,2,0,0,13,21,13,3,133,95,3,13,0,16,2,41,41,254,47,232,420,9,44,17,84,71,23,88,27,1,65,50,121,6,42,7,4,205,4,0,0,101,57,269,100,8,62,32,0,50,449,12,29,0,124,118,10,55,25,11,255,12,0,0,0,2,0,125,50,0,0,0,5,4,16,10,13,43,0,28,5,19,2,4,33,19,2,8,0,18,38,44,36,63,0,0,40,122,0,8,0,59,0,25,0,25,12,50,4,8,11,11,19,15,0,70,16,113,3,0,0,0,14,30,0,25,25,50,20,56,0,0,0,0,5,0,45,1,10,8,0,2,10,11,0,137,4,0,0,0,0,6,12,0,37,32,0,0,0,32,0,10,0,8,0,0,0,0,10,0,0,0,0,0
43 Cement,1332,3156,2780,3636,1752,2424,2215,2152,6974,4456,4386,5920,5229,6677,8132,6203,3725,3891,2479,3275,7134,7963,7891,6475,8204,11565,10115,6375,6754,7657,3054,13496,12217,1717,9542,7155,9288,12627,8245,4665,6820,4113,11441,6327,10961,6713,7474,13933,19028,26228,18664,20286,26231,15725,23102,35078,44800,40519,44712,40053,71413,50089,48699,46883,55009,47189,44343,50475,50179,41157,49945,51013,47790,48826,40170,51740,37401,37160,38525,33850,44753,42644,42379,45815,42659,39978,31007,48926,37754,38377,28532,39814,46020,48787,44427,49478,44496,36565,46188,45166,36649,36594,37476,34943,37478,52134,48281,47250,52843,45233,49181,49133,46449,38653,34190,37127,44271,50377,48866,34664,56043,34002,52265,38916,37458,36300,33160,32227,41123,37832,46657,40624,34016,39770,43899,37012,40722,32683,27807,29142,30112,34693,37151,30003,25185,31917,31601,32498,26715,40007,18697,30402,31124,26727,26401,25678,21961,26287,29262,26268,24548,21612,20779,15383,14008,12172,15744,14434,23465,22426,19363,20237,19055,13546,17374,13982,17569,21330,16685,18861,20593,24555,27073,34355,28305,19825,32665,19232,21124,22103,22189,19921,22122,20581,29004,28149,28154,30401
44 Guar and Guar Products,1819,1677,1721,1890,996,1649,1860,1281,1858,1998,1732,1753,1697,1411,1818,2479,2114,3119,2283,2413,2553,2011,1790,1867,1623,1920,1795,1873,1891,1632,2092,1784,2440,2140,1859,2136,2718,2653,1658,2180,2383,1476,2310,2381,2865,2702,3069,3242,2599,2505,1910,2474,3222,2599,2957,2191,3339,4221,3445,3511,3269,3998,3134,3876,2977,2686,2670,2158,2495,2253,2511,1999,2136,1875,2050,2138,1849,2148,2935,2513,3752,2902,2413,2749,2741,1914,2273,2420,3088,2560,3233,4506,5651,6791,5317,5755,6371,8601,7957,7386,9318,8470,12504,11240,16049,20815,23736,20115,19101,14930,9329,9594,8073,5589,8715,8842,13455,16203,14375,11030,13503,7184,5656,4483,2624,4583,4973,5863,4823,4949,6926,5170,5830,5312,5854,3924,5858,5482,4860,3327,4952,4106,4066,6181,1975,2484,2745,1813,2059,2327,2970,2033,1916,1702,1921,1958,1328,1411,1640,1784,1800,2202,2400,2444,3205,3395,3277,2564,2605,2291,1458,2337,2633,2410,4046,3024,2916,2751,3176,2710,2565,2805,2057,2666,2499,2360,2316,2230,2584,2714,2716,2126,2891,2697,2225,2400,2523,2710
,,,,,,,,,,,,,,,,,,,,,,,,,,,,,,,,,,,,,,,,,,,,,,,,,,,,,,,,,,,,,,,,,,,,,,,,,,,,,,,,,,,,,,,,,,,,,,,,,,,,,,,,,,,,,,,,,,,,,,,,,,,,,,,,,,,,,,,,,,,,,,,,,,,,,,,,,,,,,,,,,,,,,,,,,,,,,,,,,,,,,,,,,,,,,,,,,,,,,,
E. All Others,43319,28400,29994,30746,25158,36777,28586,27902,31988,37650,35325,41035,40101,37476,35206,38356,31003,93023,37427,35129,62030,40188,38345,50458,44735,50645,45919,38805,38939,42128,42041,40258,52892,43055,57362,49781,45588,48610,46054,38439,49008,49585,47618,48086,55722,64229,73347,62317,48026,47012,52701,59383,70174,68384,72683,62576,76943,76606,83744,91366,97247,83957,71559,73552,62570,57454,60114,52469,66866,52609,64334,76345,82955,112390,99177,105624,89135,92024,108117,79126,105358,125111,114708,109506,107575,110241,118603,108856,114229,120435,96302,114582,123009,116491,132638,153180,133058,139341,117620,121125,112156,103412,134394,115855,104849,117260,158562,147616,124978,122093,122575,131898,116878,102350,131570,91163,113743,110194,107234,108347,104793,130415,140734,146140,121305,144592,130162,127213,107900,107823,133506,126100,122595,108491,116508,117753,93262,112522,124956,93681,109717,94239,97241,148952,82647,100842,110812,91531,92326,75357,76733,83927,81193,90995,97528,100028,63099,116841,97732,87858,108086,111323,112532,82636,120055,110595,101442,106461,76805,120954,83903,118480,137673,119479,133386,97132,167180,102117,133807,100975,96486,117789,83103,112924,106557,102161,120374,119920,113385,109931,113873,107957,130336,97441,99545,149942,113416,138676
,,,,,,,,,,,,,,,,,,,,,,,,,,,,,,,,,,,,,,,,,,,,,,,,,,,,,,,,,,,,,,,,,,,,,,,,,,,,,,,,,,,,,,,,,,,,,,,,,,,,,,,,,,,,,,,,,,,,,,,,,,,,,,,,,,,,,,,,,,,,,,,,,,,,,,,,,,,,,,,,,,,,,,,,,,,,,,,,,,,,,,,,,,,,,,,,,,,,,,
I.  Total Export Receipts through Banks ,992465,932623,985373,1010992,785907,1170783,1037552,873320,1065855,1049122,969132,1142159,1149387,1079037,1099382,1169387,1049566,1304037,1079899,1106131,1328456,1230181,1123664,1274228,1128837,1244031,1266509,1241964,1158196,1325393,1220212,1168006,1442001,1312162,1372852,1430370,1254788,1394826,1327816,1213051,1345765,1341123,1269784,1278918,1490211,1372917,1502125,1518383,1426464,1474890,1390744,1492507,1487491,1351900,1562003,1471401,1551268,1703577,1750943,1819126,1929772,1743357,1669079,1524058,1396128,1343966,1372652,1365485,1382417,1353096,1343922,1462551,1513848,1406278,1523255,1629357,1359586,1786717,1608035,1451066,1835391,1789948,1688384,1812123,1700057,1813591,1708104,1739486,1834938,2013079,1918409,2018173,2579817,2366799,2289170,2586580,2239971,2089576,1996108,1909510,1886866,1852172,1915200,1974382,2002275,2018234,2196244,1972606,1992915,2018502,1836097,1999021,1887020,1720349,2026129,1831116,2083728,2124970,2177475,1995788,2153241,1971836,1993381,2116160,1786911,2107713,2124579,1984797,2073192,2158759,2202526,2174950,1898670,2123547,2166193,2024944,1788611,2235738,2085542,1932849,2178114,2089816,1968907,2120745,1837307,1746190,1906268,1844710,1688268,1926922,1716521,1738602,1911467,1800348,1779226,1921562,1536071,1729199,1706102,1663268,1804250,1771838,1795553,1770601,2025735,1771286,1955772,1832883,1696483,1982999,1775976,1967472,2081614,1950320,2170557,2023166,2313386,2110847,2260218,1961571,2005797,2061278,1821775,2053311,1868830,1861877,2194179,1913355,2009086,2095860,2257306,1882213,2157495,1776178,1898376,2136562,1891913,2072911
,,,,,,,,,,,,,,,,,,,,,,,,,,,,,,,,,,,,,,,,,,,,,,,,,,,,,,,,,,,,,,,,,,,,,,,,,,,,,,,,,,,,,,,,,,,,,,,,,,,,,,,,,,,,,,,,,,,,,,,,,,,,,,,,,,,,,,,,,,,,,,,,,,,,,,,,,,,,,,,,,,,,,,,,,,,,,,,,,,,,,,,,,,,,,,,,,,,,,,
II. Freight on Export,39400,37025,39119,40136,29081,46480,41191,34670,42314,41650,38475,47459,42400,36700,36900,41400,37300,46200,34000,40200,42600,43000,39000,43000,43800,45000,39600,43200,42100,44300,37700,36700,44700,37100,38000,41400,46100,47800,43500,44000,43100,44800,40000,40000,34300,31600,27400,32000,28300,34300,29400,29800,37100,34300,38100,26400,23000,22900,25700,29900,27040,44420,45200,108500,58500,58400,29100,32900,23600,18400,20000,19700,24320,30480,26500,28800,32600,39100,40300,37100,53500,53500,59700,57200,56530,51390,50020,57190,48160,56990,55930,54580,56140,57680,54720,59180,50610,52470,59400,48450,55500,50110,47840,40340,38160,38200,37340,41610,43440,57430,46346,44524,42649,46990,49420,52100,51780,43000,45310,40090,51400,39200,52500,45000,40600,55250,57600,61800,58600,52300,42400,43100,44400,49000,46800,47970,53160,59750,56500,58300,54000,49520,47200,35580,37722,47985,45464,41467,33286,41081,46679,32190,37828,33093,34268,28847,16100,14822,17880,19460,18460,17150,13990,15950,16340,14280,15160,16450,18024,21865,17344,20625,19069,36212,18244,17260,15328,15564,16236,18146,18146,18799,18084,18087,16775,13510,16402,12533,14827,14493,14476,14199,19602,18944,20519,20519,20157,20157
,,,,,,,,,,,,,,,,,,,,,,,,,,,,,,,,,,,,,,,,,,,,,,,,,,,,,,,,,,,,,,,,,,,,,,,,,,,,,,,,,,,,,,,,,,,,,,,,,,,,,,,,,,,,,,,,,,,,,,,,,,,,,,,,,,,,,,,,,,,,,,,,,,,,,,,,,,,,,,,,,,,,,,,,,,,,,,,,,,,,,,,,,,,,,,,,,,,,,,
III. Export Receipts Banks (fob) (I-II),953065,895598,946254,970856,756826,1124303,996361,838650,1023541,1007472,930657,1094700,1106987,1042337,1062482,1127987,1012266,1257837,1045899,1065931,1285856,1187181,1084664,1231228,1085037,1199031,1226909,1198764,1116096,1281093,1182512,1131306,1397301,1275062,1334852,1388970,1208688,1347026,1284316,1169051,1302665,1296323,1229784,1238918,1455911,1341317,1474725,1486383,1398164,1440590,1361344,1462707,1450391,1317600,1523903,1445001,1528268,1680677,1725243,1789226,1902732,1698937,1623879,1415558,1337628,1285566,1343552,1332585,1358817,1334696,1323922,1442851,1489528,1375798,1496755,1600557,1326986,1747617,1567735,1413966,1781891,1736448,1628684,1754923,1643527,1762201,1658084,1682296,1786778,1956089,1862479,1963593,2523677,2309119,2234450,2527400,2189361,2037106,1936708,1861060,1831366,1802062,1867360,1934042,1964115,1980034,2158904,1930996,1949475,1961072,1789751,1954497,1844371,1673359,1976709,1779016,2031948,2081970,2132165,1955698,2101841,1932636,1940881,2071160,1746311,2052463,2066979,1922997,2014592,2106459,2160126,2131850,1854270,2074547,2119393,1976974,1735451,2175988,2029042,1874549,2124114,2040296,1921707,2085165,1799585,1698206,1860805,1803243,1654982,1885841,1669842,1706412,1873639,1767255,1744958,1892715,1519971,1714377,1688222,1643808,1785790,1754688,1781563,1754651,2009395,1757006,1940612,1816433,1678459,1961134,1758632,1946847,2062545,1914108,2152312,2005906,2298058,2095283,2243982,1943425,1987651,2042479,1803690,2035224,1852056,1848367,2177777,1900822,1994259,2081367,2242829,1868015,2137893,1757234,1877857,2116043,1871755,2052754
,,,,,,,,,,,,,,,,,,,,,,,,,,,,,,,,,,,,,,,,,,,,,,,,,,,,,,,,,,,,,,,,,,,,,,,,,,,,,,,,,,,,,,,,,,,,,,,,,,,,,,,,,,,,,,,,,,,,,,,,,,,,,,,,,,,,,,,,,,,,,,,,,,,,,,,,,,,,,,,,,,,,,,,,,,,,,,,,,,,,,,,,,,,,,,,,,,,,,,
IV. Other Exports,35935,45402,137746,60144,128174,14697,132639,54350,60459,105528,51343,31300,-25987,75600,131518,-4700,106300,53400,92700,101400,159000,37000,97600,146900,85700,168900,104000,133400,104100,200200,86900,174400,158100,188000,204900,146300,148700,72000,131200,99000,123100,215000,-40600,149000,115000,157700,141300,154800,130040,137924,148731,163840,94633,208007,135768,201161,333950,257489,291238,221643,77908,72595,335993,-51000,236900,153145,-61719,166377,95100,161900,172400,365000,69600,94900,109600,31010,106500,-128960,68300,129300,73800,82700,88100,34400,10694,56464,137964,158590,148120,119600,176170,296900,-46800,261600,4800,134760,-50912,83188,-41642,108380,68810,254060,106384,219904,178364,158324,20414,119724,70755,68502,311119,162713,182537,185746,108519,151146,144874,122087,125704,38588,91977,76128,113480,-7996,73382,274765,61872,135250,77160,-9360,-27280,-29780,64730,-194547,41607,111026,125549,81012,-65042,-21549,-75114,26704,-41710,25835,-40585,39794,-39805,-25243,85018,61159,22158,157588,115361,50745,214038,-25715,-11971,142623,778,182217,74210,136312,29437,42349,65605,70019,37388,67567,138541,128866,-15632,13153,110455,93892,-62312,51094,17942,139717,21018,70575,25349,32521,1310,24776,44944,163633,96223,-27822,42741,2633,79171,-69015,79070,131738,1110,73005,237290,55229
,,,,,,,,,,,,,,,,,,,,,,,,,,,,,,,,,,,,,,,,,,,,,,,,,,,,,,,,,,,,,,,,,,,,,,,,,,,,,,,,,,,,,,,,,,,,,,,,,,,,,,,,,,,,,,,,,,,,,,,,,,,,,,,,,,,,,,,,,,,,,,,,,,,,,,,,,,,,,,,,,,,,,,,,,,,,,,,,,,,,,,,,,,,,,,,,,,,,,,
Total Export as per BOP (III+IV),989000,941000,1084000,1031000,885000,1139000,1129000,893000,1084000,1113000,982000,1126000,1081000,1117937,1194000,1123287,1118566,1311237,1138599,1167331,1444856,1224181,1182264,1378128,1170737,1367931,1330909,1332164,1220196,1481293,1269412,1305706,1555401,1463062,1539752,1535270,1357388,1419026,1415516,1268051,1425765,1511323,1189184,1387918,1570911,1499017,1616025,1641183,1528204,1578514,1510075,1626547,1545024,1525607,1659671,1646162,1862218,1938166,2016481,2010869,1980640,1771532,1959872,1364558,1574528,1438711,1281833,1498962,1453917,1496596,1496322,1807851,1559128,1470698,1606355,1631567,1433486,1618657,1636035,1543266,1855691,1819148,1716784,1789323,1654221,1818665,1796048,1840886,1934898,2075689,2038649,2260493,2476877,2570719,2239250,2662160,2138449,2120294,1895066,1969440,1900176,2056122,1973744,2153945,2142479,2138358,2179318,2050719,2020231,2029573,2100870,2117210,2026909,1859105,2085228,1930162,2176822,2204057,2257869,1994286,2193818,2008764,2054361,2063164,1819693,2327228,2128851,2058247,2091752,2097099,2132846,2102070,1919000,1880000,2161000,2088000,1861000,2257000,1964000,1853000,2049000,2067000,1879997,2111000,1759000,1738000,1821000,1778000,1740000,1947000,1692000,1864000,1989000,1818000,1958996,1867000,1508000,1857000,1689000,1826024,1860000,1891000,1811000,1797000,2075000,1827025,1978000,1884000,1817000,2090000,1743000,1960000,2173000,2008000,2090000,2057000,2316000,2235000,2265000,2014000,2013000,2075000,1805000,2060000,1897000,2012000,2274000,1873000,2037000,2084000,2322000,1799000,2216963,1888972,1878967,2189048,2109045,2107983
,,,,,,,,,,,,,,,,,,,,,,,,,,,,,,,,,,,,,,,,,,,,,,,,,,,,,,,,,,,,,,,,,,,,,,,,,,,,,,,,,,,,,,,,,,,,,,,,,,,,,,,,,,,,,,,,,,,,,,,,,,,,,,,,,,,,,,,,,,,,,,,,,,,,,,,,,,,,,,,,,,,,,,,,,,,,,,,,,,,,,,,,,,,,,,,,,,,,,,
,,,,,,,,,,,,,,,,,,,,,,,,,,,,,,,,,,,,,,,,,,,,,,,,,,,,,,,,,,,,,,,,,,,,,,,,,,,,,,,,,,,,,,,,,,,,,,,,,,,,,,,,,,,,,,,,,,,,,,,,,,,,,,,,,,,,,,,,,,,,,,,,,,,,,,,,,,,,,,,,,,,,,,,,,,,,,,,,,,,,,,,,,,,,,,,,,,,,,,
,,,,,,,,,,,,,,,,,,,,,,,,,,,,,,,,,,,,,,,,,,,,,,,,,,,,,,,,,,,,,,,,,,,,,,,,,,,,,,,,,,,,,,,,,,,,,,,,,,,,,,,,,,,,,,,,,,,,,,,,,,,,,,,,,,,,,,,,,,,,,,,,,,,,,,,,,,,,,,,,,,,,,,,,,,,,,,,,,,,,,,,,,,,,,,,,,,,,,,
,,,,,,,,,,,,,,,,,,,,,,,,,,,,,,,,,,,,,,,,,,,,,,,,,,,,,,,,,,,,,,,,,,,,,,,,,,,,,,,,,,,,,,,,,,,,,,,,,,,,,,,,,,,,,,,,,,,,,,,,,,,,,,,,,,,,,,,,,,,,,,,,,,,,,,,,,,,,,,,,,,,,,,,,,,,,,,,,,,,,,,,,,,,,,,,,,,,,,,
,,,,,,,,,,,,,,,,,,,,,,,,,,,,,,,,,,,,,,,,,,,,,,,,,,,,,,,,,,,,,,,,,,,,,,,,,,,,,,,,,,,,,,,,,,,,,,,,,,,,,,,,,,,,,,,,,,,,,,,,,,,,,,,,,,,,,,,,,,,,,,,,,,,,,,,,,,,,,,,,,,,,,,,,,,,,,,,,,,,,,,,,,,,,,,,,,,,,,,
,,,,,,,,,,,,,,,,,,,,,,,,,,,,,,,,,,,,,,,,,,,,,,,,,,,,,,,,,,,,,,,,,,,,,,,,,,,,,,,,,,,,,,,,,,,,,,,,,,,,,,,,,,,,,,,,,,,,,,,,,,,,,,,,,,,,,,,,,,,,,,,,,,,,,,,,,,,,,,,,,,,,,,,,,,,,,,,,,,,,,,,,,,,,,,,,,,,,,,
,,,,,,,,,,,,,,,,,,,,,,,,,,,,,,,,,,,,,,,,,,,,,,,,,,,,,,,,,,,,,,,,,,,,,,,,,,,,,,,,,,,,,,,,,,,,,,,,,,,,,,,,,,,,,,,,,,,,,,,,,,,,,,,,,,,,,,,,,,,,,,,,,,,,,,,,,,,,,,,,,,,,,,,,,,,,,,,,,,,,,,,,,,,,,,,,,,,,,,
,,,,,,,,,,,,,,,,,,,,,,,,,,,,,,,,,,,,,,,,,,,,,,,,,,,,,,,,,,,,,,,,,,,,,,,,,,,,,,,,,,,,,,,,,,,,,,,,,,,,,,,,,,,,,,,,,,,,,,,,,,,,,,,,,,,,,,,,,,,,,,,,,,,,,,,,,,,,,,,,,,,,,,,,,,,,,,,,,,,,,,,,,,,,,,,,,,,,,,
,,,,,,,,,,,,,,,,,,,,,,,,,,,,,,,,,,,,,,,,,,,,,,,,,,,,,,,,,,,,,,,,,,,,,,,,,,,,,,,,,,,,,,,,,,,,,,,,,,,,,,,,,,,,,,,,,,,,,,,,,,,,,,,,,,,,,,,,,,,,,,,,,,,,,,,,,,,,,,,,,,,,,,,,,,,,,,,,,,,,,,,,,,,,,,,,,,,,,,
"P: Provisional, R: Revised",,,,,,,,,,,,,,,,,,,,,,,,,,,,,,,,,,,,,,,,,,,,,,,,,,,,,,,,,,,,,,,,,,,,,,,,,,,,,,,,,,,,,,,,,,,,,,,,,,,,,,,,,,,,,,,,,,,,,,,,,,,,,,,,,,,,,,,,,,,,,,,,,,,,,,,,,,,,,,,,,,,,,,,,,,,,,,,,,,,,,,,,,,,,,,,,,,,,,,
"Note: 1. Other exports includes land borne export, export of samples, export processing zone, outstanding export bills and refund & rebate,  goods procured on ports by carriers less freight on exports",,,,,,,,,,,,,,,,,,,,,,,,,,,,,,,,,,,,,,,,,,,,,,,,,,,,,,,,,,,,,,,,,,,,,,,,,,,,,,,,,,,,,,,,,,,,,,,,,,,,,,,,,,,,,,,,,,,,,,,,,,,,,,,,,,,,,,,,,,,,,,,,,,,,,,,,,,,,,,,,,,,,,,,,,,,,,,,,,,,,,,,,,,,,,,,,,,,,,,
"2.The data before July, 2004 is general merchandise based on Balance of Payment Manual (BPM4), from July 2004 to June 2005 on BPM5 and from July 2005 to onward on BPM6.",,,,,,,,,,,,,,,,,,,,,,,,,,,,,,,,,,,,,,,,,,,,,,,,,,,,,,,,,,,,,,,,,,,,,,,,,,,,,,,,,,,,,,,,,,,,,,,,,,,,,,,,,,,,,,,,,,,,,,,,,,,,,,,,,,,,,,,,,,,,,,,,,,,,,,,,,,,,,,,,,,,,,,,,,,,,,,,,,,,,,,,,,,,,,,,,,,,,,,
3.  Country by commodity and commodity by country data are available in our publication at the following link:,,,,,,,,,,,,,,,,,,,,,,,,,,,,,,,,,,,,,,,,,,,,,,,,,,,,,,,,,,,,,,,,,,,,,,,,,,,,,,,,,,,,,,,,,,,,,,,,,,,,,,,,,,,,,,,,,,,,,,,,,,,,,,,,,,,,,,,,,,,,,,,,,,,,,,,,,,,,,,,,,,,,,,,,,,,,,,,,,,,,,,,,,,,,,,,,,,,,,,
http://www.sbp.org.pk/publications/export/index.htm,,,,,,,,,,,,,,,,,,,,,,,,,,,,,,,,,,,,,,,,,,,,,,,,,,,,,,,,,,,,,,,,,,,,,,,,,,,,,,,,,,,,,,,,,,,,,,,,,,,,,,,,,,,,,,,,,,,,,,,,,,,,,,,,,,,,,,,,,,,,,,,,,,,,,,,,,,,,,,,,,,,,,,,,,,,,,,,,,,,,,,,,,,,,,,,,,,,,,,
Contact Person: Muhammad Ali Shah,,,,,,,,,,,,,,,,,,,,,,,,,,,,,,,,,,,,,,,,,,,,,,,,,,,,,,,,,,,,,,,,,,,,,,,,,,,,,,,,,,,,,,,,,,,,,,,,,,,,,,,,,,,,,,,,,,,,,,,,,,,,,,,,,,,,,,,,,,,,,,,,,,,,,,,,,,,,,,,,,,,,,,,,,,,,,,,,,,,,,,,,,,,,,,,,,,,,,,
Designation: Senior Joint Director,,,,,,,,,,,,,,,,,,,,,,,,,,,,,,,,,,,,,,,,,,,,,,,,,,,,,,,,,,,,,,,,,,,,,,,,,,,,,,,,,,,,,,,,,,,,,,,,,,,,,,,,,,,,,,,,,,,,,,,,,,,,,,,,,,,,,,,,,,,,,,,,,,,,,,,,,,,,,,,,,,,,,,,,,,,,,,,,,,,,,,,,,,,,,,,,,,,,,,
Phone: 021-32453651,,,,,,,,,,,,,,,,,,,,,,,,,,,,,,,,,,,,,,,,,,,,,,,,,,,,,,,,,,,,,,,,,,,,,,,,,,,,,,,,,,,,,,,,,,,,,,,,,,,,,,,,,,,,,,,,,,,,,,,,,,,,,,,,,,,,,,,,,,,,,,,,,,,,,,,,,,,,,,,,,,,,,,,,,,,,,,,,,,,,,,,,,,,,,,,,,,,,,,
Fax : 021-99221572,,,,,,,,,,,,,,,,,,,,,,,,,,,,,,,,,,,,,,,,,,,,,,,,,,,,,,,,,,,,,,,,,,,,,,,,,,,,,,,,,,,,,,,,,,,,,,,,,,,,,,,,,,,,,,,,,,,,,,,,,,,,,,,,,,,,,,,,,,,,,,,,,,,,,,,,,,,,,,,,,,,,,,,,,,,,,,,,,,,,,,,,,,,,,,,,,,,,,,
Email: muhammadali@sbp.org.pk,,,,,,,,,,,,,,,,,,,,,,,,,,,,,,,,,,,,,,,,,,,,,,,,,,,,,,,,,,,,,,,,,,,,,,,,,,,,,,,,,,,,,,,,,,,,,,,,,,,,,,,,,,,,,,,,,,,,,,,,,,,,,,,,,,,,,,,,,,,,,,,,,,,,,,,,,,,,,,,,,,,,,,,,,,,,,,,,,,,,,,,,,,,,,,,,,,,,,,
For Feedback: http://www.sbp.org.pk/stats/survey/index.asp,,,,,,,,,,,,,,,,,,,,,,,,,,,,,,,,,,,,,,,,,,,,,,,,,,,,,,,,,,,,,,,,,,,,,,,,,,,,,,,,,,,,,,,,,,,,,,,,,,,,,,,,,,,,,,,,,,,,,,,,,,,,,,,,,,,,,,,,,,,,,,,,,,,,,,,,,,,,,,,,,,,,,,,,,,,,,,,,,,,,,,,,,,,,,,,,,,,,,,
,,,,,,,,,,,,,,,,,,,,,,,,,,,,,,,,,,,,,,,,,,,,,,,,,,,,,,,,,,,,,,,,,,,,,,,,,,,,,,,,,,,,,,,,,,,,,,,,,,,,,,,,,,,,,,,,,,,,,,,,,,,,,,,,,,,,,,,,,,,,,,,,,,,,,,,,,,,,,,,,,,,,,,,,,,,,,,,,,,,,,,,,,,,,,,,,,,,,,,
4.  Country by/commodity and commodity by country data are available in our publication at the following link:,,,,,,,,,,,,,,,,,,,,,,,,,,,,,,,,,,,,,,,,,,,,,,,,,,,,,,,,,,,,,,,,,,,,,,,,,,,,,,,,,,,,,,,,,,,,,,,,,,,,,,,,,,,,,,,,,,,,,,,,,,,,,,,,,,,,,,,,,,,,,,,,,,,,,,,,,,,,,,,,,,,,,,,,,,,,,,,,,,,,,,,,,,,,,,,,,,,,,,
http://www.sbp.org.pk/publications/export/index.htm,,,,,,,,,,,,,,,,,,,,,,,,,,,,,,,,,,,,,,,,,,,,,,,,,,,,,,,,,,,,,,,,,,,,,,,,,,,,,,,,,,,,,,,,,,,,,,,,,,,,,,,,,,,,,,,,,,,,,,,,,,,,,,,,,,,,,,,,,,,,,,,,,,,,,,,,,,,,,,,,,,,,,,,,,,,,,,,,,,,,,,,,,,,,,,,,,,,,,,
