,Date,Open,High,Low,Close,Volume,Year,Month,Day
0,2001-01-02,14.5,13.5,13.5,13.5,500,2001,1,2
1,2001-01-08,13.5,14.0,14.0,14.0,4000,2001,1,8
2,2001-01-09,14.0,11.0,11.0,11.0,1000,2001,1,9
3,2001-01-24,11.0,12.0,12.0,12.0,1500,2001,1,24
4,2001-02-02,12.0,13.0,13.0,13.0,500,2001,2,2
5,2001-02-08,13.0,13.0,13.0,13.0,2000,2001,2,8
6,2001-02-09,13.0,13.0,13.0,13.0,3000,2001,2,9
7,2001-02-14,13.0,13.0,13.0,13.0,1000,2001,2,14
8,2001-02-16,13.0,13.0,13.0,13.0,2000,2001,2,16
9,2001-02-20,13.0,12.5,12.5,12.5,500,2001,2,20
10,2001-03-01,12.5,12.2,12.2,12.2,500,2001,3,1
11,2001-03-13,12.2,12.2,12.2,12.2,0,2001,3,13
12,2001-03-20,12.2,13.95,12.1,12.1,6000,2001,3,20
61,2001-12-11,10.5,10.5,10.5,10.5,500,2001,12,11
62,2001-12-21,10.5,10.6,10.6,10.6,6500,2001,12,21
35,2001-06-06,12.0,12.0,12.0,12.0,3000,2001,6,6
51,2001-08-28,11.0,11.0,11.0,11.0,25000,2001,8,28
52,2001-09-07,11.0,11.1,11.0,11.1,3000,2001,9,7
45,2001-07-26,11.5,11.0,11.0,11.0,1000,2001,7,26
46,2001-08-06,11.0,11.0,11.0,11.0,5500,2001,8,6
47,2001-08-10,11.0,11.0,11.0,11.0,1000,2001,8,10
48,2001-08-22,11.0,10.5,10.5,10.5,500,2001,8,22
49,2001-08-23,10.5,11.0,10.75,11.0,6500,2001,8,23
50,2001-08-27,11.0,11.0,11.0,11.0,5500,2001,8,27
55,2001-10-10,10.5,10.1,10.1,10.1,500,2001,10,10
56,2001-10-19,10.1,10.5,10.5,10.5,500,2001,10,19
53,2001-10-05,11.1,10.55,10.55,10.55,500,2001,10,5
54,2001-10-09,10.55,10.5,10.5,10.5,3000,2001,10,9
57,2001-11-29,10.5,10.5,10.5,10.5,4000,2001,11,29
58,2001-12-03,10.5,10.5,10.5,10.5,1000,2001,12,3
44,2001-07-17,11.5,11.5,11.5,11.5,1000,2001,7,17
43,2001-07-11,12.0,11.5,11.5,11.5,2500,2001,7,11
39,2001-06-14,12.0,12.2,12.2,12.2,500,2001,6,14
40,2001-07-03,12.2,12.0,12.0,12.0,1000,2001,7,3
30,2001-05-23,12.05,12.0,12.0,12.0,7000,2001,5,23
29,2001-05-22,12.15,12.05,12.05,12.05,7500,2001,5,22
33,2001-05-29,12.0,12.0,11.75,11.75,25000,2001,5,29
34,2001-06-04,11.75,12.25,12.0,12.0,16000,2001,6,4
32,2001-05-25,12.05,12.05,12.0,12.0,6000,2001,5,25
31,2001-05-24,12.0,12.05,12.05,12.05,500,2001,5,24
41,2001-07-09,12.0,11.5,11.5,11.5,500,2001,7,9
42,2001-07-10,11.5,12.0,12.0,12.0,1000,2001,7,10
37,2001-06-08,11.5,12.25,12.25,12.25,46000,2001,6,8
38,2001-06-12,12.25,12.0,12.0,12.0,500,2001,6,12
36,2001-06-07,12.0,12.25,11.5,11.5,10000,2001,6,7
13,2001-03-21,12.1,12.0,12.0,12.0,5000,2001,3,21
28,2001-05-16,14.0,12.25,12.15,12.15,7500,2001,5,16
27,2001-05-11,12.5,14.0,14.0,14.0,2000,2001,5,11
26,2001-05-10,11.3,12.5,12.0,12.5,6500,2001,5,10
25,2001-05-08,11.0,11.3,10.0,11.3,9500,2001,5,8
24,2001-05-07,10.8,11.0,11.0,11.0,500,2001,5,7
23,2001-05-04,10.8,10.8,10.8,10.8,500,2001,5,4
22,2001-05-03,10.75,10.8,10.8,10.8,4000,2001,5,3
21,2001-04-27,10.0,10.8,10.75,10.75,2000,2001,4,27
20,2001-04-26,10.05,10.05,10.0,10.0,5000,2001,4,26
19,2001-04-20,10.0,10.05,10.05,10.05,1000,2001,4,20
18,2001-04-19,9.9,10.0,9.8,10.0,10500,2001,4,19
17,2001-04-17,11.75,9.9,9.75,9.9,6500,2001,4,17
16,2001-04-11,12.0,11.75,11.75,11.75,1000,2001,4,11
15,2001-03-28,12.0,12.0,11.95,12.0,21000,2001,3,28
14,2001-03-22,12.0,12.0,12.0,12.0,6000,2001,3,22
59,2001-12-05,10.5,10.5,10.5,10.5,7000,2001,12,5
60,2001-12-06,10.5,10.5,10.5,10.5,1000,2001,12,6
81,2002-05-30,10.45,10.4,10.4,10.4,0,2002,5,30
111,2002-09-12,8.5,8.5,8.5,8.5,500,2002,9,12
110,2002-09-10,8.5,8.5,8.5,8.5,500,2002,9,10
109,2002-09-09,8.5,8.5,8.5,8.5,500,2002,9,9
108,2002-09-05,8.5,8.5,8.5,8.5,500,2002,9,5
107,2002-09-04,8.5,8.5,8.5,8.5,500,2002,9,4
106,2002-09-03,8.6,8.5,8.5,8.5,1000,2002,9,3
105,2002-08-30,8.5,8.6,8.6,8.6,0,2002,8,30
104,2002-08-22,8.5,8.5,8.5,8.5,500,2002,8,22
103,2002-08-21,8.5,8.5,8.5,8.5,6500,2002,8,21
102,2002-08-20,8.55,8.5,8.5,8.5,0,2002,8,20
101,2002-08-07,8.5,8.6,8.55,8.55,3000,2002,8,7
100,2002-08-06,8.5,8.5,8.5,8.5,2000,2002,8,6
99,2002-08-05,8.75,8.5,8.5,8.5,12500,2002,8,5
98,2002-07-31,8.8,8.75,8.75,8.75,0,2002,7,31
97,2002-07-30,8.85,8.8,8.8,8.8,0,2002,7,30
96,2002-07-29,8.9,8.85,8.85,8.85,0,2002,7,29
95,2002-07-25,9.05,8.9,8.9,8.9,0,2002,7,25
94,2002-07-17,9.15,9.05,9.05,9.05,0,2002,7,17
93,2002-07-16,9.2,9.15,9.15,9.15,0,2002,7,16
92,2002-07-15,9.25,9.2,9.2,9.2,0,2002,7,15
91,2002-07-12,9.45,9.25,9.25,9.25,0,2002,7,12
90,2002-07-10,9.5,9.45,9.45,9.45,0,2002,7,10
89,2002-07-09,9.75,9.5,9.5,9.5,0,2002,7,9
88,2002-07-08,9.95,9.75,9.75,9.75,0,2002,7,8
87,2002-06-28,10.0,9.95,9.95,9.95,0,2002,6,28
86,2002-06-26,10.1,10.0,10.0,10.0,0,2002,6,26
85,2002-06-25,10.2,10.1,10.1,10.1,0,2002,6,25
84,2002-06-20,10.3,10.2,10.2,10.2,0,2002,6,20
83,2002-06-11,10.35,10.3,10.3,10.3,0,2002,6,11
82,2002-06-07,10.4,10.35,10.35,10.35,0,2002,6,7
112,2002-09-13,8.5,8.5,8.5,8.5,500,2002,9,13
113,2002-09-16,8.5,8.5,8.5,8.5,500,2002,9,16
143,2002-12-24,12.3,13.3,13.25,13.3,3000,2002,12,24
142,2002-12-20,13.3,12.5,12.3,12.3,2500,2002,12,20
141,2002-12-19,12.6,13.3,13.3,13.3,1000,2002,12,19
140,2002-12-18,13.0,13.75,12.6,12.6,2500,2002,12,18
139,2002-12-09,13.0,13.0,13.0,13.0,500,2002,12,9
138,2002-12-04,12.5,14.0,13.0,13.0,5500,2002,12,4
137,2002-12-02,11.0,12.5,10.0,12.5,6000,2002,12,2
136,2002-11-29,10.75,11.0,9.75,11.0,58000,2002,11,29
135,2002-11-27,11.0,10.75,10.75,10.75,0,2002,11,27
134,2002-11-20,10.35,11.0,11.0,11.0,500,2002,11,20
133,2002-11-15,10.0,10.35,10.35,10.35,1000,2002,11,15
132,2002-11-14,9.0,10.25,10.0,10.0,1000,2002,11,14
131,2002-11-08,9.0,9.0,9.0,9.0,500,2002,11,8
130,2002-11-05,9.0,9.0,9.0,9.0,1000,2002,11,5
80,2002-05-13,10.5,10.45,10.45,10.45,0,2002,5,13
63,2002-01-10,10.6,10.5,10.5,10.5,500,2002,1,10
64,2002-01-14,10.5,10.5,10.5,10.5,1500,2002,1,14
65,2002-01-15,10.5,10.5,10.5,10.5,500,2002,1,15
66,2002-01-16,10.5,10.55,10.55,10.55,1000,2002,1,16
67,2002-01-17,10.55,10.5,10.5,10.5,5500,2002,1,17
68,2002-01-29,10.5,10.5,10.5,10.5,500,2002,1,29
69,2002-02-01,10.5,11.0,10.5,11.0,1000,2002,2,1
70,2002-02-04,11.0,12.5,12.5,12.5,500,2002,2,4
71,2002-02-06,12.5,12.1,11.5,12.0,1500,2002,2,6
72,2002-02-08,12.0,12.0,12.0,12.0,1000,2002,2,8
73,2002-02-13,12.0,10.7,10.5,10.7,1000,2002,2,13
74,2002-03-06,10.7,10.0,10.0,10.0,4500,2002,3,6
75,2002-03-07,10.0,10.5,10.5,10.5,1000,2002,3,7
76,2002-03-15,10.5,10.0,10.0,10.0,500,2002,3,15
77,2002-04-09,10.0,10.0,10.0,10.0,2000,2002,4,9
78,2002-04-11,10.0,10.25,10.0,10.25,2000,2002,4,11
79,2002-04-12,10.25,10.5,10.4,10.5,5500,2002,4,12
145,2002-12-31,14.8,14.75,14.75,14.75,0,2002,12,31
144,2002-12-27,13.3,14.8,14.5,14.8,1500,2002,12,27
114,2002-09-18,8.5,8.5,8.5,8.5,1500,2002,9,18
115,2002-09-23,8.5,8.5,8.5,8.5,500,2002,9,23
116,2002-09-25,8.5,8.5,8.5,8.5,500,2002,9,25
117,2002-09-26,8.5,8.5,8.5,8.5,3500,2002,9,26
118,2002-09-27,8.5,8.5,8.5,8.5,500,2002,9,27
119,2002-10-01,8.5,8.5,8.5,8.5,3000,2002,10,1
120,2002-10-02,8.5,8.5,8.5,8.5,2500,2002,10,2
121,2002-10-03,8.5,8.5,8.5,8.5,1500,2002,10,3
122,2002-10-04,8.5,8.5,8.5,8.5,500,2002,10,4
123,2002-10-14,8.5,8.5,8.5,8.5,1500,2002,10,14
124,2002-10-15,8.5,8.55,8.55,8.55,0,2002,10,15
125,2002-10-16,8.55,8.8,8.8,8.8,1000,2002,10,16
126,2002-10-17,8.8,9.0,9.0,9.0,0,2002,10,17
127,2002-10-23,9.0,9.0,9.0,9.0,500,2002,10,23
128,2002-10-24,9.0,9.4,9.4,9.4,1000,2002,10,24
129,2002-10-30,9.4,9.0,9.0,9.0,1000,2002,10,30
188,2003-05-26,14.05,14.0,14.0,14.0,1500,2003,5,26
187,2003-05-23,14.0,14.05,14.05,14.05,0,2003,5,23
186,2003-05-22,14.0,14.0,14.0,14.0,2000,2003,5,22
185,2003-05-13,14.0,14.0,14.0,14.0,500,2003,5,13
184,2003-05-07,15.0,14.75,14.0,14.0,3500,2003,5,7
183,2003-04-29,14.0,15.0,15.0,15.0,1000,2003,4,29
182,2003-04-22,13.05,14.0,14.0,14.0,0,2003,4,22
181,2003-04-21,13.05,13.05,13.05,13.05,500,2003,4,21
180,2003-04-18,12.9,13.05,13.05,13.05,0,2003,4,18
179,2003-04-17,12.6,12.9,12.9,12.9,0,2003,4,17
178,2003-04-16,12.5,12.6,12.6,12.6,0,2003,4,16
177,2003-04-11,13.5,12.5,12.5,12.5,1000,2003,4,11
176,2003-04-08,12.0,13.5,13.4,13.5,1000,2003,4,8
175,2003-03-25,12.5,12.0,12.0,12.0,0,2003,3,25
174,2003-03-19,13.0,12.5,12.5,12.5,0,2003,3,19
173,2003-03-07,13.7,13.0,13.0,13.0,0,2003,3,7
204,2003-08-01,20.0,20.0,20.0,20.0,1000,2003,8,1
203,2003-07-17,20.0,20.0,20.0,20.0,1000,2003,7,17
202,2003-07-16,18.55,20.0,19.9,20.0,2500,2003,7,16
201,2003-07-14,17.05,18.55,17.05,18.55,2000,2003,7,14
200,2003-07-09,16.3,17.05,17.0,17.05,500,2003,7,9
199,2003-07-08,16.3,16.3,16.0,16.3,500,2003,7,8
198,2003-07-04,17.0,16.3,16.3,16.3,500,2003,7,4
197,2003-06-26,16.0,17.0,17.0,17.0,5000,2003,6,26
196,2003-06-24,16.0,16.0,15.9,16.0,2500,2003,6,24
195,2003-06-23,15.5,16.0,16.0,16.0,1000,2003,6,23
194,2003-06-18,14.5,15.5,15.4,15.5,7000,2003,6,18
193,2003-06-13,13.75,14.5,14.5,14.5,500,2003,6,13
192,2003-06-04,14.0,13.75,13.75,13.75,500,2003,6,4
191,2003-06-02,14.05,14.0,13.9,14.0,5000,2003,6,2
190,2003-05-29,14.0,14.05,14.05,14.05,0,2003,5,29
189,2003-05-28,14.0,14.0,14.0,14.0,5000,2003,5,28
214,2003-11-18,16.5,16.0,16.0,16.0,0,2003,11,18
213,2003-11-14,16.95,16.5,16.5,16.5,0,2003,11,14
207,2003-08-27,19.0,19.0,19.0,19.0,500,2003,8,27
208,2003-08-28,19.0,18.0,18.0,18.0,1000,2003,8,28
209,2003-09-01,18.0,17.0,17.0,17.0,500,2003,9,1
210,2003-09-11,17.0,16.0,16.0,16.0,500,2003,9,11
211,2003-09-15,16.0,17.0,17.0,17.0,500,2003,9,15
212,2003-10-27,17.0,16.95,16.95,16.95,0,2003,10,27
206,2003-08-26,19.0,19.05,19.0,19.0,2000,2003,8,26
205,2003-08-19,20.0,20.0,19.0,19.0,5000,2003,8,19
146,2003-01-01,14.75,14.6,14.6,14.6,0,2003,1,1
153,2003-01-15,13.5,15.0,15.0,15.0,1000,2003,1,15
152,2003-01-14,14.5,13.5,13.5,13.5,500,2003,1,14
151,2003-01-09,14.5,14.75,14.5,14.5,8000,2003,1,9
150,2003-01-07,14.75,14.5,14.5,14.5,0,2003,1,7
149,2003-01-06,14.95,14.75,14.75,14.75,0,2003,1,6
172,2003-03-06,13.95,13.7,13.7,13.7,0,2003,3,6
171,2003-03-05,13.75,13.95,13.9,13.95,2000,2003,3,5
170,2003-03-04,12.5,13.75,13.0,13.75,2000,2003,3,4
169,2003-03-03,12.5,12.5,12.5,12.5,0,2003,3,3
168,2003-02-27,13.5,12.5,12.5,12.5,0,2003,2,27
167,2003-02-26,14.5,13.5,13.5,13.5,0,2003,2,26
166,2003-02-25,15.5,14.5,14.5,14.5,0,2003,2,25
165,2003-02-24,14.6,15.5,15.5,15.5,500,2003,2,24
164,2003-02-21,13.1,14.6,14.6,14.6,500,2003,2,21
163,2003-02-20,14.1,13.1,13.1,13.1,0,2003,2,20
162,2003-02-19,15.1,14.1,14.1,14.1,0,2003,2,19
161,2003-01-31,16.1,15.1,15.1,15.1,500,2003,1,31
160,2003-01-24,17.1,16.1,16.1,16.1,1000,2003,1,24
159,2003-01-23,18.1,17.1,17.1,17.1,0,2003,1,23
158,2003-01-22,17.75,19.0,18.0,18.1,8500,2003,1,22
157,2003-01-21,16.25,17.75,16.95,17.75,1500,2003,1,21
148,2003-01-03,14.6,15.0,14.95,14.95,500,2003,1,3
147,2003-01-02,14.6,14.6,14.6,14.6,1000,2003,1,2
154,2003-01-16,15.0,16.5,16.0,16.5,3500,2003,1,16
155,2003-01-17,16.5,17.45,15.5,17.25,2500,2003,1,17
156,2003-01-20,17.25,16.5,16.25,16.25,7500,2003,1,20
248,2004-03-29,28.5,27.25,27.25,27.25,500,2004,3,29
250,2004-04-01,27.0,28.0,28.0,28.0,2000,2004,4,1
249,2004-03-30,27.25,27.0,27.0,27.0,500,2004,3,30
252,2004-04-09,28.0,27.0,27.0,27.0,1000,2004,4,9
251,2004-04-08,28.0,28.0,28.0,28.0,2000,2004,4,8
242,2004-03-16,27.95,30.0,28.95,30.0,9500,2004,3,16
241,2004-03-15,26.0,27.95,26.35,27.95,2000,2004,3,15
240,2004-03-12,25.1,26.0,25.25,26.0,3500,2004,3,12
239,2004-03-11,24.5,25.1,24.9,25.1,4500,2004,3,11
238,2004-03-10,24.45,24.5,24.5,24.5,1000,2004,3,10
237,2004-03-09,24.0,24.45,24.45,24.45,500,2004,3,9
268,2004-06-01,31.35,30.45,30.25,30.25,8000,2004,6,1
267,2004-05-31,33.0,33.0,31.35,31.35,5000,2004,5,31
266,2004-05-28,33.0,35.45,32.0,33.0,7000,2004,5,28
265,2004-05-27,32.25,34.0,32.95,33.0,3000,2004,5,27
264,2004-05-26,30.0,32.25,30.9,32.25,3000,2004,5,26
263,2004-05-25,28.95,30.0,29.0,30.0,2500,2004,5,25
262,2004-05-11,27.95,28.95,27.95,28.95,4000,2004,5,11
261,2004-05-10,26.0,27.95,26.75,27.95,3000,2004,5,10
260,2004-05-05,25.0,26.0,26.0,26.0,2000,2004,5,5
259,2004-05-04,25.5,25.0,25.0,25.0,2000,2004,5,4
258,2004-04-27,26.15,25.5,25.5,25.5,2500,2004,4,27
257,2004-04-21,27.5,26.15,26.15,26.15,1500,2004,4,21
256,2004-04-20,27.5,27.5,27.5,27.5,1000,2004,4,20
255,2004-04-19,27.5,27.5,27.5,27.5,1000,2004,4,19
254,2004-04-15,27.5,27.5,27.5,27.5,1000,2004,4,15
253,2004-04-12,27.0,27.5,27.5,27.5,0,2004,4,12
284,2004-08-30,23.3,23.0,22.2,22.2,2000,2004,8,30
283,2004-08-27,22.0,23.3,22.0,23.3,2500,2004,8,27
282,2004-08-26,23.0,22.0,22.0,22.0,1000,2004,8,26
281,2004-08-23,23.0,23.0,23.0,23.0,1500,2004,8,23
280,2004-08-11,24.0,23.0,23.0,23.0,500,2004,8,11
247,2004-03-26,30.0,28.5,28.5,28.5,3000,2004,3,26
246,2004-03-25,30.75,30.75,30.0,30.0,4000,2004,3,25
245,2004-03-19,31.45,30.75,30.75,30.75,0,2004,3,19
244,2004-03-18,31.5,31.45,31.45,31.45,1000,2004,3,18
243,2004-03-17,30.0,31.5,31.0,31.5,1000,2004,3,17
216,2004-01-14,15.0,15.0,15.0,15.0,6000,2004,1,14
215,2004-01-08,16.0,15.0,15.0,15.0,2000,2004,1,8
219,2004-01-27,15.0,16.5,15.95,16.5,1500,2004,1,27
220,2004-01-28,16.5,18.0,17.0,18.0,5000,2004,1,28
218,2004-01-26,15.0,15.1,15.0,15.0,9500,2004,1,26
217,2004-01-23,15.0,15.05,15.0,15.0,20000,2004,1,23
236,2004-02-27,24.0,24.0,24.0,24.0,1000,2004,2,27
235,2004-02-26,24.5,24.0,24.0,24.0,2000,2004,2,26
234,2004-02-25,24.4,24.5,24.5,24.5,2000,2004,2,25
233,2004-02-23,25.0,24.5,24.0,24.4,5000,2004,2,23
232,2004-02-20,25.25,25.0,25.0,25.0,1000,2004,2,20
231,2004-02-19,25.0,25.25,25.25,25.25,0,2004,2,19
230,2004-02-18,25.0,25.0,25.0,25.0,500,2004,2,18
229,2004-02-17,26.25,26.05,25.0,25.0,3500,2004,2,17
228,2004-02-13,26.0,26.25,26.25,26.25,2000,2004,2,13
227,2004-02-12,25.1,26.0,25.7,26.0,4500,2004,2,12
226,2004-02-11,25.1,25.25,25.1,25.1,2000,2004,2,11
225,2004-02-10,24.2,26.0,24.5,25.1,5000,2004,2,10
224,2004-02-09,22.55,24.2,24.2,24.2,3000,2004,2,9
223,2004-02-06,21.0,22.55,22.55,22.55,3500,2004,2,6
222,2004-01-30,19.5,21.0,21.0,21.0,4000,2004,1,30
221,2004-01-29,18.0,19.5,19.5,19.5,5000,2004,1,29
285,2004-08-31,22.2,21.75,21.75,21.75,1000,2004,8,31
286,2004-09-01,21.75,22.05,22.05,22.05,0,2004,9,1
287,2004-09-02,22.05,23.5,23.5,23.5,1000,2004,9,2
288,2004-09-07,23.5,23.0,22.95,23.0,1000,2004,9,7
289,2004-09-10,23.0,23.5,23.5,23.5,0,2004,9,10
290,2004-09-13,23.5,24.0,24.0,24.0,2000,2004,9,13
291,2004-09-14,24.0,25.0,23.0,25.0,2500,2004,9,14
292,2004-09-16,25.0,24.0,24.0,24.0,500,2004,9,16
293,2004-09-21,24.0,24.0,24.0,24.0,1000,2004,9,21
294,2004-10-12,24.0,25.8,25.8,25.8,500,2004,10,12
295,2004-10-13,25.8,25.0,25.0,25.0,500,2004,10,13
296,2004-10-20,25.0,25.0,25.0,25.0,500,2004,10,20
297,2004-10-28,25.0,25.0,25.0,25.0,1000,2004,10,28
298,2004-11-22,25.0,25.5,25.5,25.5,0,2004,11,22
299,2004-11-24,25.5,26.5,26.0,26.5,500,2004,11,24
300,2004-11-25,26.5,26.6,26.6,26.6,0,2004,11,25
269,2004-06-02,30.25,30.15,30.1,30.1,3000,2004,6,2
270,2004-06-09,30.1,30.5,30.5,30.5,1000,2004,6,9
271,2004-06-11,30.5,30.0,30.0,30.0,0,2004,6,11
272,2004-06-21,30.0,28.5,28.5,28.5,500,2004,6,21
273,2004-07-02,28.5,28.5,28.5,28.5,1000,2004,7,2
274,2004-07-06,28.5,28.0,28.0,28.0,500,2004,7,6
275,2004-07-22,28.0,27.5,27.5,27.5,1500,2004,7,22
276,2004-07-23,27.5,26.5,26.4,26.4,1500,2004,7,23
277,2004-08-05,26.4,26.0,26.0,26.0,0,2004,8,5
278,2004-08-09,26.0,25.0,25.0,25.0,500,2004,8,9
279,2004-08-10,25.0,24.0,24.0,24.0,500,2004,8,10
301,2004-11-26,26.6,28.5,27.9,28.5,2500,2004,11,26
305,2004-12-13,28.5,30.0,29.5,29.75,6000,2004,12,13
302,2004-11-29,28.5,27.2,27.1,27.1,3500,2004,11,29
303,2004-12-09,27.1,28.0,28.0,28.0,1000,2004,12,9
304,2004-12-10,28.0,28.5,27.0,28.5,3000,2004,12,10
316,2004-12-31,32.15,33.0,32.55,33.0,3500,2004,12,31
315,2004-12-30,32.3,33.0,31.5,32.15,10500,2004,12,30
314,2004-12-29,30.05,32.3,31.9,32.3,7500,2004,12,29
313,2004-12-28,31.15,30.05,30.05,30.05,500,2004,12,28
312,2004-12-24,31.6,31.5,31.15,31.15,2500,2004,12,24
311,2004-12-23,31.1,31.6,31.6,31.6,1500,2004,12,23
310,2004-12-22,31.0,31.1,31.1,31.1,0,2004,12,22
309,2004-12-17,32.0,31.0,31.0,31.0,500,2004,12,17
308,2004-12-16,31.0,32.25,31.9,32.0,2500,2004,12,16
307,2004-12-15,30.25,31.0,30.6,31.0,2000,2004,12,15
306,2004-12-14,29.75,30.25,30.25,30.25,0,2004,12,14
364,2005-07-19,33.9,32.25,32.25,32.25,1000,2005,7,19
363,2005-07-13,33.95,33.9,33.9,33.9,0,2005,7,13
362,2005-06-27,34.0,33.95,33.95,33.95,0,2005,6,27
361,2005-06-15,34.35,34.0,34.0,34.0,0,2005,6,15
360,2005-06-14,34.5,34.35,34.35,34.35,0,2005,6,14
359,2005-06-13,32.9,34.5,34.5,34.5,500,2005,6,13
358,2005-06-07,31.35,32.9,32.5,32.9,1000,2005,6,7
357,2005-05-26,33.0,31.5,31.35,31.35,1000,2005,5,26
356,2005-05-06,33.0,33.0,33.0,33.0,1000,2005,5,6
355,2005-05-05,31.5,33.0,33.0,33.0,500,2005,5,5
354,2005-05-02,32.9,31.5,31.5,31.5,500,2005,5,2
353,2005-04-25,32.9,32.9,32.9,32.9,1000,2005,4,25
352,2005-04-20,34.5,32.9,32.9,32.9,500,2005,4,20
351,2005-04-15,36.0,34.5,34.5,34.5,500,2005,4,15
350,2005-04-13,36.1,36.0,35.95,36.0,2500,2005,4,13
349,2005-04-06,37.9,36.1,36.1,36.1,1000,2005,4,6
380,2005-10-03,25.6,24.35,24.35,24.35,2500,2005,10,3
379,2005-09-29,26.9,25.6,25.6,25.6,0,2005,9,29
378,2005-09-28,27.1,26.9,26.9,26.9,0,2005,9,28
377,2005-09-27,28.5,27.1,27.1,27.1,0,2005,9,27
376,2005-09-26,30.0,28.5,28.5,28.5,0,2005,9,26
375,2005-09-21,30.8,30.0,29.5,30.0,1000,2005,9,21
374,2005-09-15,29.4,30.8,30.8,30.8,500,2005,9,15
373,2005-09-14,28.0,29.4,29.4,29.4,500,2005,9,14
372,2005-09-13,28.5,28.0,28.0,28.0,500,2005,9,13
371,2005-09-08,27.15,28.5,28.5,28.5,500,2005,9,8
370,2005-08-25,27.15,27.15,27.15,27.15,500,2005,8,25
369,2005-08-10,28.5,27.15,27.15,27.15,500,2005,8,10
368,2005-08-02,30.0,28.5,28.5,28.5,500,2005,8,2
367,2005-08-01,31.5,30.0,30.0,30.0,500,2005,8,1
366,2005-07-28,31.9,31.5,31.5,31.5,0,2005,7,28
365,2005-07-27,32.25,31.9,31.9,31.9,0,2005,7,27
396,2005-11-22,21.75,21.5,20.75,20.75,2500,2005,11,22
395,2005-11-21,21.0,22.05,21.1,21.75,3500,2005,11,21
394,2005-11-18,20.0,21.0,21.0,21.0,7500,2005,11,18
393,2005-11-17,19.5,20.5,20.0,20.0,4000,2005,11,17
392,2005-11-16,19.5,19.5,19.5,19.5,500,2005,11,16
391,2005-11-15,20.2,20.0,19.5,19.5,2000,2005,11,15
390,2005-11-14,21.25,20.2,20.2,20.2,2500,2005,11,14
389,2005-11-10,21.5,22.45,20.5,21.25,8000,2005,11,10
388,2005-11-08,21.2,22.2,20.2,21.5,10500,2005,11,8
387,2005-11-07,20.2,21.2,21.2,21.2,3000,2005,11,7
386,2005-11-02,19.2,20.2,18.25,20.2,8000,2005,11,2
385,2005-10-20,19.95,19.2,19.05,19.2,500,2005,10,20
384,2005-10-19,20.95,19.95,19.95,19.95,1000,2005,10,19
383,2005-10-17,22.05,20.95,20.95,20.95,1000,2005,10,17
382,2005-10-11,23.2,22.05,22.05,22.05,500,2005,10,11
381,2005-10-05,24.35,24.35,23.2,23.2,1500,2005,10,5
406,2005-12-16,24.0,24.0,24.0,24.0,500,2005,12,16
405,2005-12-15,23.0,24.0,24.0,24.0,500,2005,12,15
399,2005-11-30,20.4,21.4,19.4,19.4,8500,2005,11,30
400,2005-12-05,19.4,19.5,19.5,19.5,0,2005,12,5
401,2005-12-07,19.5,20.5,20.05,20.45,7000,2005,12,7
402,2005-12-08,20.45,21.45,21.0,21.45,6500,2005,12,8
403,2005-12-09,21.45,22.5,22.35,22.5,8500,2005,12,9
404,2005-12-12,22.5,23.0,23.0,23.0,500,2005,12,12
398,2005-11-29,21.45,20.4,20.4,20.4,500,2005,11,29
397,2005-11-23,20.75,21.45,21.45,21.45,1000,2005,11,23
333,2005-02-09,36.1,36.55,36.55,36.55,0,2005,2,9
334,2005-02-10,36.55,36.5,35.0,35.0,2000,2005,2,10
335,2005-02-15,35.0,34.0,34.0,34.0,500,2005,2,15
336,2005-02-21,34.0,36.55,36.55,36.55,1000,2005,2,21
337,2005-02-22,36.55,39.25,39.25,39.25,2000,2005,2,22
338,2005-02-23,39.25,42.15,42.15,42.15,1000,2005,2,23
346,2005-03-28,38.9,38.0,38.0,38.0,0,2005,3,28
345,2005-03-22,39.25,38.9,38.9,38.9,0,2005,3,22
344,2005-03-08,39.25,39.25,39.25,39.25,500,2005,3,8
343,2005-03-07,40.85,39.25,39.1,39.25,4000,2005,3,7
342,2005-03-01,42.95,40.85,40.85,40.85,2000,2005,3,1
341,2005-02-28,43.05,43.5,42.95,42.95,10000,2005,2,28
323,2005-01-13,46.4,46.0,46.0,46.0,0,2005,1,13
324,2005-01-14,46.0,44.0,44.0,44.0,1000,2005,1,14
331,2005-02-04,38.0,38.0,38.0,38.0,500,2005,2,4
332,2005-02-08,38.0,36.1,36.1,36.1,1000,2005,2,8
325,2005-01-18,44.0,43.9,43.9,43.9,0,2005,1,18
326,2005-01-24,43.9,43.75,43.75,43.75,0,2005,1,24
327,2005-01-25,43.75,44.0,44.0,44.0,1000,2005,1,25
328,2005-01-26,44.0,41.8,41.8,41.8,1000,2005,1,26
329,2005-01-27,41.8,39.75,39.75,39.75,500,2005,1,27
330,2005-01-28,39.75,38.0,38.0,38.0,2000,2005,1,28
347,2005-03-31,38.0,37.95,37.95,37.95,0,2005,3,31
348,2005-04-04,37.95,37.9,37.9,37.9,0,2005,4,4
339,2005-02-24,42.15,45.3,45.25,45.3,3000,2005,2,24
340,2005-02-25,45.3,45.0,43.05,43.05,8000,2005,2,25
319,2005-01-06,37.6,40.4,40.4,40.4,3000,2005,1,6
320,2005-01-07,40.4,43.4,43.0,43.4,11000,2005,1,7
321,2005-01-10,43.4,46.65,45.5,46.65,8000,2005,1,10
322,2005-01-11,46.65,47.0,46.35,46.4,2500,2005,1,11
317,2005-01-04,33.0,35.0,34.5,35.0,10000,2005,1,4
318,2005-01-05,35.0,37.6,35.0,37.6,15500,2005,1,5
409,2006-01-17,24.2,23.0,23.0,23.0,500,2006,1,17
410,2006-01-30,23.0,24.15,24.15,24.15,1000,2006,1,30
407,2006-01-03,24.0,24.45,24.45,24.45,1000,2006,1,3
408,2006-01-04,24.45,24.2,24.2,24.2,0,2006,1,4
412,2006-02-07,23.15,24.0,23.1,24.0,3500,2006,2,7
411,2006-02-06,24.15,23.15,23.15,23.15,1500,2006,2,6
429,2006-04-24,21.8,21.8,21.8,21.8,5000,2006,4,24
430,2006-04-25,21.8,22.0,22.0,22.0,0,2006,4,25
431,2006-04-26,22.0,22.0,21.8,21.8,3500,2006,4,26
432,2006-04-27,21.8,22.0,21.8,22.0,7000,2006,4,27
433,2006-05-03,22.0,21.8,21.8,21.8,5000,2006,5,3
434,2006-05-04,21.8,21.8,21.8,21.8,19000,2006,5,4
435,2006-05-08,21.8,21.5,21.5,21.5,0,2006,5,8
436,2006-05-09,21.5,21.25,21.25,21.25,0,2006,5,9
437,2006-05-10,21.25,21.8,21.8,21.8,0,2006,5,10
438,2006-05-15,21.8,21.8,21.8,21.8,10000,2006,5,15
439,2006-05-16,21.8,21.0,21.0,21.0,1500,2006,5,16
440,2006-05-17,21.0,21.25,21.25,21.25,0,2006,5,17
441,2006-05-18,21.25,21.8,21.4,21.4,21500,2006,5,18
442,2006-05-31,21.4,21.0,21.0,21.0,500,2006,5,31
443,2006-06-01,21.0,21.5,21.5,21.5,10000,2006,6,1
444,2006-06-02,21.5,21.5,21.5,21.5,26000,2006,6,2
413,2006-02-10,24.0,25.1,24.75,24.75,1000,2006,2,10
414,2006-02-15,24.75,24.1,24.1,24.1,1000,2006,2,15
415,2006-02-20,24.1,23.5,23.5,23.5,2000,2006,2,20
416,2006-02-21,23.5,23.5,23.5,23.5,1000,2006,2,21
417,2006-02-23,23.5,24.55,24.55,24.55,5000,2006,2,23
418,2006-02-27,24.55,24.9,24.9,24.9,500,2006,2,27
419,2006-03-13,24.9,24.5,24.5,24.5,0,2006,3,13
420,2006-03-20,24.5,24.0,24.0,24.0,0,2006,3,20
421,2006-03-27,24.0,23.5,23.5,23.5,1000,2006,3,27
422,2006-04-03,23.5,22.35,22.35,22.35,5000,2006,4,3
428,2006-04-19,21.8,21.8,21.8,21.8,4000,2006,4,19
427,2006-04-13,22.85,21.8,21.8,21.8,500,2006,4,13
424,2006-04-05,23.0,21.85,21.85,21.85,5000,2006,4,5
423,2006-04-04,22.35,23.0,21.25,23.0,2500,2006,4,4
426,2006-04-07,22.85,22.85,22.85,22.85,1500,2006,4,7
425,2006-04-06,21.85,22.85,22.8,22.85,10000,2006,4,6
449,2006-12-18,20.9,21.0,19.9,19.9,7000,2006,12,18
450,2006-12-19,19.9,18.9,18.9,18.9,0,2006,12,19
446,2006-08-22,21.5,21.0,21.0,21.0,0,2006,8,22
445,2006-07-12,21.5,21.5,21.5,21.5,1000,2006,7,12
448,2006-11-28,20.95,20.9,20.9,20.9,0,2006,11,28
447,2006-09-27,21.0,20.95,20.95,20.95,0,2006,9,27
461,2007-02-01,11.2,11.0,11.0,11.0,0,2007,2,1
462,2007-02-07,11.0,10.25,10.25,10.25,10000,2007,2,7
463,2007-02-13,10.25,10.0,10.0,10.0,0,2007,2,13
464,2007-02-15,10.0,9.5,9.5,9.5,5500,2007,2,15
465,2007-02-20,9.5,10.5,10.5,10.5,0,2007,2,20
466,2007-02-21,10.5,11.5,11.5,11.5,0,2007,2,21
467,2007-02-22,11.5,12.5,12.5,12.5,0,2007,2,22
468,2007-03-19,12.5,12.4,12.4,12.4,0,2007,3,19
469,2007-03-21,12.4,11.4,11.4,11.4,0,2007,3,21
470,2007-03-29,11.4,11.35,11.35,11.35,0,2007,3,29
471,2007-04-03,11.35,10.9,10.9,10.9,0,2007,4,3
472,2007-04-11,10.9,10.0,10.0,10.0,7500,2007,4,11
473,2007-04-17,10.0,10.75,10.75,10.75,500,2007,4,17
474,2007-04-20,10.75,11.75,11.75,11.75,500,2007,4,20
475,2007-05-04,11.75,11.85,11.0,11.85,3500,2007,5,4
476,2007-05-08,11.85,11.25,11.25,11.25,0,2007,5,8
477,2007-05-15,11.25,12.15,12.15,12.15,500,2007,5,15
478,2007-05-22,12.15,12.0,12.0,12.0,0,2007,5,22
479,2007-05-23,12.0,11.8,11.0,11.8,2500,2007,5,23
480,2007-05-24,11.8,11.2,11.15,11.2,2500,2007,5,24
481,2007-05-25,11.2,11.2,11.2,11.2,500,2007,5,25
482,2007-05-28,11.2,11.2,11.2,11.2,500,2007,5,28
483,2007-05-29,11.2,11.8,11.8,11.8,500,2007,5,29
484,2007-05-30,11.8,11.5,11.5,11.5,500,2007,5,30
485,2007-05-31,11.5,11.95,11.95,11.95,500,2007,5,31
486,2007-06-04,11.95,12.0,12.0,12.0,4500,2007,6,4
487,2007-06-05,12.0,12.0,12.0,12.0,500,2007,6,5
488,2007-06-12,12.0,12.5,12.5,12.5,500,2007,6,12
489,2007-06-14,12.5,12.0,12.0,12.0,500,2007,6,14
490,2007-07-09,12.0,13.0,12.5,13.0,6000,2007,7,9
491,2007-07-18,13.0,13.3,13.3,13.3,500,2007,7,18
492,2007-08-28,13.3,13.25,13.25,13.25,0,2007,8,28
493,2007-09-19,13.25,12.25,12.25,12.25,500,2007,9,19
494,2007-10-18,12.25,13.25,13.15,13.25,4500,2007,10,18
495,2007-10-19,13.25,14.0,13.0,13.0,4500,2007,10,19
496,2007-10-22,13.0,12.5,12.0,12.0,3000,2007,10,22
497,2007-10-31,11.5,12.5,12.5,12.5,500,2007,10,31
498,2007-11-01,12.5,13.5,13.0,13.4,3000,2007,11,1
499,2007-11-02,13.4,14.4,13.5,14.4,2000,2007,11,2
500,2007-11-05,14.4,15.2,15.2,15.2,500,2007,11,5
501,2007-11-06,15.2,16.0,16.0,16.0,500,2007,11,6
502,2007-11-07,16.0,17.0,16.95,17.0,4500,2007,11,7
503,2007-11-08,17.0,16.8,16.0,16.8,6000,2007,11,8
504,2007-11-12,16.8,16.5,16.5,16.5,5000,2007,11,12
505,2007-11-13,16.5,16.95,16.95,16.95,1500,2007,11,13
506,2007-11-14,16.95,16.5,16.5,16.5,0,2007,11,14
507,2007-11-15,16.5,16.45,16.45,16.45,0,2007,11,15
508,2007-11-22,16.45,16.0,16.0,16.0,0,2007,11,22
459,2007-01-24,12.5,12.0,12.0,12.0,500,2007,1,24
460,2007-01-31,12.0,11.2,11.2,11.2,500,2007,1,31
453,2007-01-16,17.0,16.0,16.0,16.0,0,2007,1,16
454,2007-01-17,16.0,15.0,15.0,15.0,0,2007,1,17
455,2007-01-18,15.0,14.0,14.0,14.0,1000,2007,1,18
456,2007-01-19,14.0,13.9,13.0,13.0,4000,2007,1,19
451,2007-01-11,18.9,18.0,18.0,18.0,0,2007,1,11
452,2007-01-15,18.0,17.0,17.0,17.0,0,2007,1,15
457,2007-01-22,13.0,13.0,13.0,13.0,500,2007,1,22
458,2007-01-23,13.0,12.5,12.5,12.5,3000,2007,1,23
509,2008-01-24,16.0,15.0,15.0,15.0,500,2008,1,24
510,2008-01-25,15.0,15.0,14.8,15.0,1500,2008,1,25
513,2008-02-14,16.5,15.95,15.5,15.5,2000,2008,2,14
514,2008-02-15,15.5,15.7,15.5,15.5,12500,2008,2,15
511,2008-02-12,15.0,15.5,15.45,15.5,2000,2008,2,12
512,2008-02-13,15.5,16.5,16.0,16.5,2500,2008,2,13
525,2008-06-02,15.0,16.0,16.0,16.0,500,2008,6,2
526,2008-06-05,16.0,17.0,17.0,17.0,4500,2008,6,5
527,2008-06-20,17.0,18.0,17.0,18.0,2000,2008,6,20
528,2008-07-03,18.0,18.0,18.0,18.0,500,2008,7,3
529,2008-07-23,18.0,17.0,17.0,17.0,500,2008,7,23
530,2008-08-25,17.0,16.0,16.0,16.0,36000,2008,8,25
531,2008-09-03,16.0,16.0,16.0,16.0,1000,2008,9,3
516,2008-02-22,16.0,15.0,15.0,15.0,1000,2008,2,22
517,2008-02-26,15.0,14.0,14.0,14.0,13000,2008,2,26
518,2008-03-05,14.0,14.1,14.1,14.1,0,2008,3,5
519,2008-03-13,14.1,15.1,15.1,15.1,0,2008,3,13
520,2008-03-24,15.1,15.0,15.0,15.0,15000,2008,3,24
521,2008-05-14,15.0,14.4,14.4,14.4,1000,2008,5,14
522,2008-05-15,14.4,15.4,15.4,15.4,1000,2008,5,15
523,2008-05-20,15.4,15.0,15.0,15.0,15000,2008,5,20
524,2008-05-21,15.0,15.0,15.0,15.0,5000,2008,5,21
515,2008-02-20,15.5,16.0,16.0,16.0,500,2008,2,20
542,2009-05-19,19.0,20.0,18.0,20.0,1500,2009,5,19
541,2009-05-18,18.5,19.0,19.0,19.0,0,2009,5,18
544,2009-05-27,19.0,18.0,18.0,18.0,500,2009,5,27
545,2009-06-15,18.0,17.05,17.05,17.05,1000,2009,6,15
546,2009-10-07,17.05,18.05,18.05,18.05,0,2009,10,7
543,2009-05-20,20.0,21.0,19.0,19.0,1500,2009,5,20
532,2009-03-12,16.0,16.4,16.4,16.4,0,2009,3,12
533,2009-03-30,16.4,15.4,15.4,15.4,0,2009,3,30
534,2009-04-30,15.4,16.4,16.4,16.4,0,2009,4,30
535,2009-05-04,16.4,17.4,17.4,17.4,0,2009,5,4
536,2009-05-05,17.4,17.51,17.51,17.51,0,2009,5,5
537,2009-05-06,17.51,18.51,18.51,18.51,0,2009,5,6
538,2009-05-12,18.51,18.25,17.6,18.25,6500,2009,5,12
539,2009-05-13,18.25,19.25,19.25,19.25,500,2009,5,13
540,2009-05-14,19.25,18.5,18.25,18.5,2000,2009,5,14
557,2009-11-18,16.0,15.5,15.5,15.5,1000,2009,11,18
558,2009-12-01,15.5,16.3,16.3,16.3,2500,2009,12,1
559,2009-12-02,16.3,16.5,16.5,16.5,2000,2009,12,2
560,2009-12-16,16.5,15.6,15.5,15.53,3000,2009,12,16
561,2009-12-17,15.53,15.53,15.53,15.53,500,2009,12,17
562,2009-12-23,15.53,14.54,14.54,14.54,500,2009,12,23
547,2009-10-08,18.05,19.05,19.05,19.05,500,2009,10,8
548,2009-10-09,19.05,20.05,19.05,20.03,2500,2009,10,9
549,2009-10-12,20.03,21.0,20.99,21.0,1000,2009,10,12
550,2009-10-14,21.0,20.05,20.0,20.03,1000,2009,10,14
551,2009-10-19,20.03,20.0,19.03,19.03,1500,2009,10,19
552,2009-11-04,19.03,20.0,18.04,18.04,2500,2009,11,4
553,2009-11-05,18.04,17.06,17.05,17.06,1000,2009,11,5
554,2009-11-06,17.06,16.06,16.06,16.06,1000,2009,11,6
555,2009-11-10,16.06,16.02,16.01,16.02,1000,2009,11,10
556,2009-11-17,16.02,16.0,16.0,16.0,1000,2009,11,17
573,2010-03-29,16.5,16.0,16.0,16.0,0,2010,3,29
574,2010-03-30,16.0,15.9,15.9,15.9,0,2010,3,30
575,2010-04-01,15.9,15.0,15.0,15.0,0,2010,4,1
576,2010-04-07,15.0,14.0,14.0,14.0,0,2010,4,7
577,2010-04-28,14.0,13.0,13.0,13.0,500,2010,4,28
578,2010-04-29,13.0,12.0,12.0,12.0,5000,2010,4,29
563,2010-01-05,14.54,15.5,15.5,15.5,3500,2010,1,5
564,2010-01-19,15.5,16.45,16.45,16.45,1000,2010,1,19
565,2010-01-20,16.45,17.45,15.46,17.45,1500,2010,1,20
566,2010-01-27,17.45,17.0,17.0,17.0,500,2010,1,27
567,2010-02-02,17.0,16.0,16.0,16.0,500,2010,2,2
568,2010-02-04,16.0,16.9,16.9,16.9,4500,2010,2,4
569,2010-02-11,16.9,16.8,16.8,16.8,0,2010,2,11
570,2010-02-22,16.8,17.8,17.8,17.8,500,2010,2,22
571,2010-02-23,17.8,16.8,16.8,16.8,500,2010,2,23
572,2010-03-24,16.8,16.5,16.5,16.5,0,2010,3,24
588,2010-10-20,9.25,9.3,9.3,9.3,0,2010,10,20
587,2010-10-12,9.0,9.25,9.25,9.25,0,2010,10,12
586,2010-09-02,9.5,9.0,9.0,9.0,1000,2010,9,2
585,2010-08-10,9.5,9.5,9.5,9.5,2000,2010,8,10
584,2010-08-06,9.5,9.51,9.5,9.5,14000,2010,8,6
583,2010-07-26,10.5,9.5,9.5,9.5,500,2010,7,26
582,2010-06-21,10.8,10.5,10.5,10.5,0,2010,6,21
581,2010-05-25,11.8,10.8,10.8,10.8,500,2010,5,25
580,2010-05-13,12.8,11.8,11.8,11.8,500,2010,5,13
579,2010-04-30,12.0,12.8,12.8,12.8,4500,2010,4,30
589,2010-11-10,9.3,10.3,10.3,10.3,0,2010,11,10
590,2010-11-23,10.3,11.3,11.3,11.3,0,2010,11,23
591,2010-12-08,11.3,12.3,12.3,12.3,0,2010,12,8
592,2010-12-23,12.3,13.3,13.3,13.3,0,2010,12,23
593,2011-01-12,13.3,14.3,14.3,14.3,500,2011,1,12
594,2011-01-17,14.3,15.3,15.3,15.3,2000,2011,1,17
595,2011-10-07,15.3,14.3,14.3,14.3,500,2011,10,7
596,2012-03-21,14.3,14.3,14.3,14.3,1000,2012,3,21
605,2015-10-22,0.0,0.0,0.0,14.3,0,2015,10,22
606,2015-10-26,0.0,0.0,0.0,14.3,0,2015,10,26
609,2015-10-29,0.0,0.0,0.0,14.3,0,2015,10,29
610,2015-10-30,0.0,0.0,0.0,14.3,0,2015,10,30
607,2015-10-27,0.0,0.0,0.0,14.3,0,2015,10,27
608,2015-10-28,0.0,0.0,0.0,14.3,0,2015,10,28
597,2015-10-09,0.0,0.0,0.0,14.3,0,2015,10,9
598,2015-10-12,0.0,0.0,0.0,14.3,0,2015,10,12
599,2015-10-13,0.0,0.0,0.0,14.3,0,2015,10,13
600,2015-10-14,0.0,0.0,0.0,14.3,0,2015,10,14
601,2015-10-15,0.0,0.0,0.0,14.3,0,2015,10,15
602,2015-10-16,0.0,0.0,0.0,14.3,0,2015,10,16
603,2015-10-19,0.0,0.0,0.0,14.3,0,2015,10,19
604,2015-10-21,0.0,0.0,0.0,14.3,0,2015,10,21
621,2015-11-16,0.0,0.0,0.0,14.3,0,2015,11,16
622,2015-11-17,0.0,0.0,0.0,14.3,0,2015,11,17
623,2015-11-18,0.0,0.0,0.0,14.3,0,2015,11,18
624,2015-11-19,0.0,0.0,0.0,14.3,0,2015,11,19
625,2015-11-20,0.0,0.0,0.0,14.3,0,2015,11,20
626,2015-11-23,0.0,0.0,0.0,14.3,0,2015,11,23
627,2015-11-24,0.0,0.0,0.0,14.3,0,2015,11,24
628,2015-11-25,0.0,0.0,0.0,14.3,0,2015,11,25
629,2015-11-26,0.0,0.0,0.0,14.3,0,2015,11,26
630,2015-11-27,0.0,0.0,0.0,14.3,0,2015,11,27
631,2015-11-30,0.0,0.0,0.0,14.3,0,2015,11,30
632,2015-12-01,0.0,0.0,0.0,14.3,0,2015,12,1
633,2015-12-02,0.0,0.0,0.0,14.3,0,2015,12,2
634,2015-12-03,0.0,0.0,0.0,14.3,0,2015,12,3
635,2015-12-04,0.0,0.0,0.0,14.3,0,2015,12,4
636,2015-12-07,0.0,0.0,0.0,14.3,0,2015,12,7
637,2015-12-08,0.0,0.0,0.0,14.3,0,2015,12,8
638,2015-12-09,0.0,0.0,0.0,14.3,0,2015,12,9
639,2015-12-10,0.0,0.0,0.0,14.3,0,2015,12,10
640,2015-12-11,0.0,0.0,0.0,14.3,0,2015,12,11
641,2015-12-14,0.0,0.0,0.0,14.3,0,2015,12,14
642,2015-12-15,0.0,0.0,0.0,14.3,0,2015,12,15
611,2015-11-02,0.0,0.0,0.0,14.3,0,2015,11,2
612,2015-11-03,0.0,0.0,0.0,14.3,0,2015,11,3
613,2015-11-04,0.0,0.0,0.0,14.3,0,2015,11,4
614,2015-11-05,0.0,0.0,0.0,14.3,0,2015,11,5
615,2015-11-06,0.0,0.0,0.0,14.3,0,2015,11,6
616,2015-11-09,0.0,0.0,0.0,14.3,0,2015,11,9
617,2015-11-10,0.0,0.0,0.0,14.3,0,2015,11,10
618,2015-11-11,0.0,0.0,0.0,14.3,0,2015,11,11
619,2015-11-12,0.0,0.0,0.0,14.3,0,2015,11,12
620,2015-11-13,0.0,0.0,0.0,14.3,0,2015,11,13
652,2015-12-31,0.0,0.0,0.0,14.3,0,2015,12,31
651,2015-12-30,0.0,0.0,0.0,14.3,0,2015,12,30
650,2015-12-29,0.0,0.0,0.0,14.3,0,2015,12,29
649,2015-12-28,0.0,0.0,0.0,14.3,0,2015,12,28
648,2015-12-23,0.0,0.0,0.0,14.3,0,2015,12,23
647,2015-12-22,0.0,0.0,0.0,14.3,0,2015,12,22
646,2015-12-21,0.0,0.0,0.0,14.3,0,2015,12,21
645,2015-12-18,0.0,0.0,0.0,14.3,0,2015,12,18
644,2015-12-17,0.0,0.0,0.0,14.3,0,2015,12,17
643,2015-12-16,0.0,0.0,0.0,14.3,0,2015,12,16
825,2016-09-06,0.0,0.0,0.0,14.3,0,2016,9,6
810,2016-08-16,0.0,0.0,0.0,14.3,0,2016,8,16
811,2016-08-17,0.0,0.0,0.0,14.3,0,2016,8,17
812,2016-08-18,0.0,0.0,0.0,14.3,0,2016,8,18
813,2016-08-19,0.0,0.0,0.0,14.3,0,2016,8,19
814,2016-08-22,0.0,0.0,0.0,14.3,0,2016,8,22
815,2016-08-23,0.0,0.0,0.0,14.3,0,2016,8,23
816,2016-08-24,0.0,0.0,0.0,14.3,0,2016,8,24
817,2016-08-25,0.0,0.0,0.0,14.3,0,2016,8,25
818,2016-08-26,0.0,0.0,0.0,14.3,0,2016,8,26
819,2016-08-29,0.0,0.0,0.0,14.3,0,2016,8,29
820,2016-08-30,0.0,0.0,0.0,14.3,0,2016,8,30
821,2016-08-31,0.0,0.0,0.0,14.3,0,2016,8,31
822,2016-09-01,0.0,0.0,0.0,14.3,0,2016,9,1
823,2016-09-02,0.0,0.0,0.0,14.3,0,2016,9,2
824,2016-09-05,0.0,0.0,0.0,14.3,0,2016,9,5
809,2016-08-15,0.0,0.0,0.0,14.3,0,2016,8,15
826,2016-09-07,0.0,0.0,0.0,14.3,0,2016,9,7
827,2016-09-08,0.0,0.0,0.0,14.3,0,2016,9,8
828,2016-09-09,0.0,0.0,0.0,14.3,0,2016,9,9
829,2016-09-15,0.0,0.0,0.0,14.3,0,2016,9,15
830,2016-09-16,0.0,0.0,0.0,14.3,0,2016,9,16
831,2016-09-19,0.0,0.0,0.0,14.3,0,2016,9,19
832,2016-09-20,0.0,0.0,0.0,14.3,0,2016,9,20
833,2016-09-21,0.0,0.0,0.0,14.3,0,2016,9,21
834,2016-09-22,0.0,0.0,0.0,14.3,0,2016,9,22
835,2016-09-23,0.0,0.0,0.0,14.3,0,2016,9,23
836,2016-09-26,0.0,0.0,0.0,14.3,0,2016,9,26
837,2016-09-27,0.0,0.0,0.0,14.3,0,2016,9,27
838,2016-09-28,0.0,0.0,0.0,14.3,0,2016,9,28
839,2016-09-29,0.0,0.0,0.0,14.3,0,2016,9,29
840,2016-09-30,0.0,0.0,0.0,14.3,0,2016,9,30
794,2016-07-25,0.0,0.0,0.0,14.3,0,2016,7,25
779,2016-06-27,0.0,0.0,0.0,14.3,0,2016,6,27
780,2016-06-28,0.0,0.0,0.0,14.3,0,2016,6,28
781,2016-06-29,0.0,0.0,0.0,14.3,0,2016,6,29
782,2016-06-30,0.0,0.0,0.0,14.3,0,2016,6,30
783,2016-07-04,0.0,0.0,0.0,14.3,0,2016,7,4
784,2016-07-11,0.0,0.0,0.0,14.3,0,2016,7,11
785,2016-07-12,0.0,0.0,0.0,14.3,0,2016,7,12
786,2016-07-13,0.0,0.0,0.0,14.3,0,2016,7,13
787,2016-07-14,0.0,0.0,0.0,14.3,0,2016,7,14
788,2016-07-15,0.0,0.0,0.0,14.3,0,2016,7,15
789,2016-07-18,0.0,0.0,0.0,14.3,0,2016,7,18
790,2016-07-19,0.0,0.0,0.0,14.3,0,2016,7,19
791,2016-07-20,0.0,0.0,0.0,14.3,0,2016,7,20
792,2016-07-21,0.0,0.0,0.0,14.3,0,2016,7,21
793,2016-07-22,0.0,0.0,0.0,14.3,0,2016,7,22
841,2016-10-03,0.0,0.0,0.0,14.3,0,2016,10,3
795,2016-07-26,0.0,0.0,0.0,14.3,0,2016,7,26
796,2016-07-27,0.0,0.0,0.0,14.3,0,2016,7,27
797,2016-07-28,0.0,0.0,0.0,14.3,0,2016,7,28
798,2016-07-29,0.0,0.0,0.0,14.3,0,2016,7,29
799,2016-08-01,0.0,0.0,0.0,14.3,0,2016,8,1
800,2016-08-02,0.0,0.0,0.0,14.3,0,2016,8,2
801,2016-08-03,0.0,0.0,0.0,14.3,0,2016,8,3
802,2016-08-04,0.0,0.0,0.0,14.3,0,2016,8,4
803,2016-08-05,0.0,0.0,0.0,14.3,0,2016,8,5
804,2016-08-08,0.0,0.0,0.0,14.3,0,2016,8,8
805,2016-08-09,0.0,0.0,0.0,14.3,0,2016,8,9
806,2016-08-10,0.0,0.0,0.0,14.3,0,2016,8,10
807,2016-08-11,0.0,0.0,0.0,14.3,0,2016,8,11
808,2016-08-12,0.0,0.0,0.0,14.3,0,2016,8,12
888,2016-12-09,0.0,0.0,0.0,14.3,0,2016,12,9
873,2016-11-18,0.0,0.0,0.0,14.3,0,2016,11,18
874,2016-11-21,0.0,0.0,0.0,14.3,0,2016,11,21
875,2016-11-22,0.0,0.0,0.0,14.3,0,2016,11,22
876,2016-11-23,0.0,0.0,0.0,14.3,0,2016,11,23
877,2016-11-24,0.0,0.0,0.0,14.3,0,2016,11,24
878,2016-11-25,0.0,0.0,0.0,14.3,0,2016,11,25
879,2016-11-28,0.0,0.0,0.0,14.3,0,2016,11,28
880,2016-11-29,0.0,0.0,0.0,14.3,0,2016,11,29
881,2016-11-30,0.0,0.0,0.0,14.3,0,2016,11,30
882,2016-12-01,0.0,0.0,0.0,14.3,0,2016,12,1
883,2016-12-02,0.0,0.0,0.0,14.3,0,2016,12,2
884,2016-12-05,0.0,0.0,0.0,14.3,0,2016,12,5
885,2016-12-06,0.0,0.0,0.0,14.3,0,2016,12,6
886,2016-12-07,0.0,0.0,0.0,14.3,0,2016,12,7
887,2016-12-08,0.0,0.0,0.0,14.3,0,2016,12,8
872,2016-11-17,0.0,0.0,0.0,14.3,0,2016,11,17
889,2016-12-13,0.0,0.0,0.0,14.3,0,2016,12,13
890,2016-12-14,0.0,0.0,0.0,14.3,0,2016,12,14
891,2016-12-15,0.0,0.0,0.0,14.3,0,2016,12,15
892,2016-12-16,0.0,0.0,0.0,14.3,0,2016,12,16
893,2016-12-19,0.0,0.0,0.0,14.3,0,2016,12,19
894,2016-12-20,0.0,0.0,0.0,14.3,0,2016,12,20
895,2016-12-21,0.0,0.0,0.0,14.3,0,2016,12,21
896,2016-12-22,0.0,0.0,0.0,14.3,0,2016,12,22
897,2016-12-23,0.0,0.0,0.0,14.3,0,2016,12,23
898,2016-12-26,0.0,0.0,0.0,14.3,0,2016,12,26
899,2016-12-27,0.0,0.0,0.0,14.3,0,2016,12,27
900,2016-12-28,0.0,0.0,0.0,14.3,0,2016,12,28
901,2016-12-29,0.0,0.0,0.0,14.3,0,2016,12,29
902,2016-12-30,0.0,0.0,0.0,14.3,0,2016,12,30
857,2016-10-27,0.0,0.0,0.0,14.3,0,2016,10,27
842,2016-10-04,0.0,0.0,0.0,14.3,0,2016,10,4
843,2016-10-05,0.0,0.0,0.0,14.3,0,2016,10,5
844,2016-10-06,0.0,0.0,0.0,14.3,0,2016,10,6
845,2016-10-07,0.0,0.0,0.0,14.3,0,2016,10,7
846,2016-10-10,0.0,0.0,0.0,14.3,0,2016,10,10
847,2016-10-13,0.0,0.0,0.0,14.3,0,2016,10,13
848,2016-10-14,0.0,0.0,0.0,14.3,0,2016,10,14
849,2016-10-17,0.0,0.0,0.0,14.3,0,2016,10,17
850,2016-10-18,0.0,0.0,0.0,14.3,0,2016,10,18
851,2016-10-19,0.0,0.0,0.0,14.3,0,2016,10,19
852,2016-10-20,0.0,0.0,0.0,14.3,0,2016,10,20
853,2016-10-21,0.0,0.0,0.0,14.3,0,2016,10,21
854,2016-10-24,0.0,0.0,0.0,14.3,0,2016,10,24
855,2016-10-25,0.0,0.0,0.0,14.3,0,2016,10,25
856,2016-10-26,0.0,0.0,0.0,14.3,0,2016,10,26
670,2016-01-22,0.0,0.0,0.0,14.3,0,2016,1,22
858,2016-10-28,0.0,0.0,0.0,14.3,0,2016,10,28
859,2016-10-31,0.0,0.0,0.0,14.3,0,2016,10,31
860,2016-11-01,0.0,0.0,0.0,14.3,0,2016,11,1
861,2016-11-02,0.0,0.0,0.0,14.3,0,2016,11,2
862,2016-11-03,0.0,0.0,0.0,14.3,0,2016,11,3
863,2016-11-04,0.0,0.0,0.0,14.3,0,2016,11,4
864,2016-11-07,0.0,0.0,0.0,14.3,0,2016,11,7
865,2016-11-08,0.0,0.0,0.0,14.3,0,2016,11,8
866,2016-11-09,0.0,0.0,0.0,14.3,0,2016,11,9
867,2016-11-10,0.0,0.0,0.0,14.3,0,2016,11,10
868,2016-11-11,0.0,0.0,0.0,14.3,0,2016,11,11
869,2016-11-14,0.0,0.0,0.0,14.3,0,2016,11,14
870,2016-11-15,0.0,0.0,0.0,14.3,0,2016,11,15
871,2016-11-16,0.0,0.0,0.0,14.3,0,2016,11,16
700,2016-03-07,0.0,0.0,0.0,14.3,0,2016,3,7
685,2016-02-15,0.0,0.0,0.0,14.3,0,2016,2,15
686,2016-02-16,0.0,0.0,0.0,14.3,0,2016,2,16
687,2016-02-17,0.0,0.0,0.0,14.3,0,2016,2,17
688,2016-02-18,0.0,0.0,0.0,14.3,0,2016,2,18
689,2016-02-19,0.0,0.0,0.0,14.3,0,2016,2,19
690,2016-02-22,0.0,0.0,0.0,14.3,0,2016,2,22
691,2016-02-23,0.0,0.0,0.0,14.3,0,2016,2,23
692,2016-02-24,0.0,0.0,0.0,14.3,0,2016,2,24
693,2016-02-25,0.0,0.0,0.0,14.3,0,2016,2,25
694,2016-02-26,0.0,0.0,0.0,14.3,0,2016,2,26
695,2016-02-29,0.0,0.0,0.0,14.3,0,2016,2,29
696,2016-03-01,0.0,0.0,0.0,14.3,0,2016,3,1
697,2016-03-02,0.0,0.0,0.0,14.3,0,2016,3,2
698,2016-03-03,0.0,0.0,0.0,14.3,0,2016,3,3
699,2016-03-04,0.0,0.0,0.0,14.3,0,2016,3,4
668,2016-01-20,0.0,0.0,0.0,14.3,0,2016,1,20
701,2016-03-08,0.0,0.0,0.0,14.3,0,2016,3,8
702,2016-03-09,0.0,0.0,0.0,14.3,0,2016,3,9
703,2016-03-10,0.0,0.0,0.0,14.3,0,2016,3,10
704,2016-03-11,0.0,0.0,0.0,14.3,0,2016,3,11
705,2016-03-14,0.0,0.0,0.0,14.3,0,2016,3,14
706,2016-03-15,0.0,0.0,0.0,14.3,0,2016,3,15
707,2016-03-16,0.0,0.0,0.0,14.3,0,2016,3,16
708,2016-03-17,0.0,0.0,0.0,14.3,0,2016,3,17
709,2016-03-18,0.0,0.0,0.0,14.3,0,2016,3,18
710,2016-03-21,0.0,0.0,0.0,14.3,0,2016,3,21
711,2016-03-22,0.0,0.0,0.0,14.3,0,2016,3,22
712,2016-03-24,0.0,0.0,0.0,14.3,0,2016,3,24
713,2016-03-25,0.0,0.0,0.0,14.3,0,2016,3,25
714,2016-03-28,0.0,0.0,0.0,14.3,0,2016,3,28
715,2016-03-29,0.0,0.0,0.0,14.3,0,2016,3,29
653,2016-01-01,0.0,0.0,0.0,14.3,0,2016,1,1
669,2016-01-21,0.0,0.0,0.0,14.3,0,2016,1,21
671,2016-01-25,0.0,0.0,0.0,14.3,0,2016,1,25
672,2016-01-26,0.0,0.0,0.0,14.3,0,2016,1,26
673,2016-01-27,0.0,0.0,0.0,14.3,0,2016,1,27
674,2016-01-28,0.0,0.0,0.0,14.3,0,2016,1,28
675,2016-01-29,0.0,0.0,0.0,14.3,0,2016,1,29
676,2016-02-01,0.0,0.0,0.0,14.3,0,2016,2,1
677,2016-02-02,0.0,0.0,0.0,14.3,0,2016,2,2
678,2016-02-03,0.0,0.0,0.0,14.3,0,2016,2,3
679,2016-02-04,0.0,0.0,0.0,14.3,0,2016,2,4
680,2016-02-08,0.0,0.0,0.0,14.3,0,2016,2,8
681,2016-02-09,0.0,0.0,0.0,14.3,0,2016,2,9
682,2016-02-10,0.0,0.0,0.0,14.3,0,2016,2,10
683,2016-02-11,0.0,0.0,0.0,14.3,0,2016,2,11
684,2016-02-12,0.0,0.0,0.0,14.3,0,2016,2,12
777,2016-06-23,0.0,0.0,0.0,14.3,0,2016,6,23
654,2016-01-04,0.0,0.0,0.0,14.3,0,2016,1,4
655,2016-01-05,0.0,0.0,0.0,14.3,0,2016,1,5
656,2016-01-06,0.0,0.0,0.0,14.3,0,2016,1,6
657,2016-01-07,0.0,0.0,0.0,14.3,0,2016,1,7
658,2016-01-08,0.0,0.0,0.0,14.3,0,2016,1,8
659,2016-01-09,0.0,0.0,0.0,14.3,0,2016,1,9
660,2016-01-10,0.0,0.0,0.0,14.3,0,2016,1,10
661,2016-01-11,0.0,0.0,0.0,14.3,0,2016,1,11
662,2016-01-12,0.0,0.0,0.0,14.3,0,2016,1,12
663,2016-01-13,0.0,0.0,0.0,14.3,0,2016,1,13
664,2016-01-14,0.0,0.0,0.0,14.3,0,2016,1,14
665,2016-01-15,0.0,0.0,0.0,14.3,0,2016,1,15
666,2016-01-18,0.0,0.0,0.0,14.3,0,2016,1,18
667,2016-01-19,0.0,0.0,0.0,14.3,0,2016,1,19
763,2016-06-03,0.0,0.0,0.0,14.3,0,2016,6,3
748,2016-05-13,0.0,0.0,0.0,14.3,0,2016,5,13
749,2016-05-16,0.0,0.0,0.0,14.3,0,2016,5,16
750,2016-05-17,0.0,0.0,0.0,14.3,0,2016,5,17
751,2016-05-18,0.0,0.0,0.0,14.3,0,2016,5,18
752,2016-05-19,0.0,0.0,0.0,14.3,0,2016,5,19
753,2016-05-20,0.0,0.0,0.0,14.3,0,2016,5,20
754,2016-05-23,0.0,0.0,0.0,14.3,0,2016,5,23
755,2016-05-24,0.0,0.0,0.0,14.3,0,2016,5,24
756,2016-05-25,0.0,0.0,0.0,14.3,0,2016,5,25
757,2016-05-26,0.0,0.0,0.0,14.3,0,2016,5,26
758,2016-05-27,0.0,0.0,0.0,14.3,0,2016,5,27
759,2016-05-30,0.0,0.0,0.0,14.3,0,2016,5,30
760,2016-05-31,0.0,0.0,0.0,14.3,0,2016,5,31
761,2016-06-01,0.0,0.0,0.0,14.3,0,2016,6,1
762,2016-06-02,0.0,0.0,0.0,14.3,0,2016,6,2
717,2016-03-31,0.0,0.0,0.0,14.3,0,2016,3,31
764,2016-06-06,0.0,0.0,0.0,14.3,0,2016,6,6
765,2016-06-07,0.0,0.0,0.0,14.3,0,2016,6,7
766,2016-06-08,0.0,0.0,0.0,14.3,0,2016,6,8
767,2016-06-09,0.0,0.0,0.0,14.3,0,2016,6,9
768,2016-06-10,0.0,0.0,0.0,14.3,0,2016,6,10
769,2016-06-13,0.0,0.0,0.0,14.3,0,2016,6,13
770,2016-06-14,0.0,0.0,0.0,14.3,0,2016,6,14
771,2016-06-15,0.0,0.0,0.0,14.3,0,2016,6,15
772,2016-06-16,0.0,0.0,0.0,14.3,0,2016,6,16
773,2016-06-17,0.0,0.0,0.0,14.3,0,2016,6,17
774,2016-06-20,0.0,0.0,0.0,14.3,0,2016,6,20
775,2016-06-21,0.0,0.0,0.0,14.3,0,2016,6,21
776,2016-06-22,0.0,0.0,0.0,14.3,0,2016,6,22
778,2016-06-24,0.0,0.0,0.0,14.3,0,2016,6,24
746,2016-05-11,0.0,0.0,0.0,14.3,0,2016,5,11
716,2016-03-30,0.0,0.0,0.0,14.3,0,2016,3,30
718,2016-04-01,0.0,0.0,0.0,14.3,0,2016,4,1
719,2016-04-04,0.0,0.0,0.0,14.3,0,2016,4,4
720,2016-04-05,0.0,0.0,0.0,14.3,0,2016,4,5
721,2016-04-06,0.0,0.0,0.0,14.3,0,2016,4,6
722,2016-04-07,0.0,0.0,0.0,14.3,0,2016,4,7
723,2016-04-08,0.0,0.0,0.0,14.3,0,2016,4,8
724,2016-04-11,0.0,0.0,0.0,14.3,0,2016,4,11
725,2016-04-12,0.0,0.0,0.0,14.3,0,2016,4,12
726,2016-04-13,0.0,0.0,0.0,14.3,0,2016,4,13
727,2016-04-14,0.0,0.0,0.0,14.3,0,2016,4,14
728,2016-04-15,0.0,0.0,0.0,14.3,0,2016,4,15
729,2016-04-18,0.0,0.0,0.0,14.3,0,2016,4,18
730,2016-04-19,0.0,0.0,0.0,14.3,0,2016,4,19
731,2016-04-20,0.0,0.0,0.0,14.3,0,2016,4,20
733,2016-04-22,0.0,0.0,0.0,14.3,0,2016,4,22
732,2016-04-21,0.0,0.0,0.0,14.3,0,2016,4,21
747,2016-05-12,0.0,0.0,0.0,14.3,0,2016,5,12
745,2016-05-10,0.0,0.0,0.0,14.3,0,2016,5,10
744,2016-05-09,0.0,0.0,0.0,14.3,0,2016,5,9
743,2016-05-06,0.0,0.0,0.0,14.3,0,2016,5,6
742,2016-05-05,0.0,0.0,0.0,14.3,0,2016,5,5
741,2016-05-04,0.0,0.0,0.0,14.3,0,2016,5,4
739,2016-05-02,0.0,0.0,0.0,14.3,0,2016,5,2
738,2016-04-29,0.0,0.0,0.0,14.3,0,2016,4,29
737,2016-04-28,0.0,0.0,0.0,14.3,0,2016,4,28
736,2016-04-27,0.0,0.0,0.0,14.3,0,2016,4,27
735,2016-04-26,0.0,0.0,0.0,14.3,0,2016,4,26
734,2016-04-25,0.0,0.0,0.0,14.3,0,2016,4,25
740,2016-05-03,0.0,0.0,0.0,14.3,0,2016,5,3
914,2017-01-17,0.0,0.0,0.0,14.3,0,2017,1,17
915,2017-01-18,0.0,0.0,0.0,14.3,0,2017,1,18
916,2017-01-19,0.0,0.0,0.0,14.3,0,2017,1,19
917,2017-01-20,0.0,0.0,0.0,14.3,0,2017,1,20
918,2017-01-23,0.0,0.0,0.0,14.3,0,2017,1,23
919,2017-01-24,0.0,0.0,0.0,14.3,0,2017,1,24
906,2017-01-05,0.0,0.0,0.0,14.3,0,2017,1,5
920,2017-01-25,0.0,0.0,0.0,14.3,0,2017,1,25
921,2017-01-26,0.0,0.0,0.0,14.3,0,2017,1,26
922,2017-01-27,0.0,0.0,0.0,14.3,0,2017,1,27
913,2017-01-16,0.0,0.0,0.0,14.3,0,2017,1,16
912,2017-01-13,0.0,0.0,0.0,14.3,0,2017,1,13
911,2017-01-12,0.0,0.0,0.0,14.3,0,2017,1,12
910,2017-01-11,0.0,0.0,0.0,14.3,0,2017,1,11
909,2017-01-10,0.0,0.0,0.0,14.3,0,2017,1,10
908,2017-01-09,0.0,0.0,0.0,14.3,0,2017,1,9
907,2017-01-06,0.0,0.0,0.0,14.3,0,2017,1,6
905,2017-01-04,0.0,0.0,0.0,14.3,0,2017,1,4
904,2017-01-03,0.0,0.0,0.0,14.3,0,2017,1,3
903,2017-01-02,0.0,0.0,0.0,14.3,0,2017,1,2
923,2021-10-25,0.0,0.0,0.0,14.3,0,2021,10,25
924,2021-10-29,0.0,0.0,0.0,14.3,0,2021,10,29
