,open,high,low,close,volume,Date,Year,Month,Day
0,6.3,6.31,6.17,6.21,2280500,2018-01-01,2018,1,1
1,6.13,6.54,6.13,6.49,18297000,2018-01-02,2018,1,2
2,6.49,6.99,6.4,6.75,47374000,2018-01-03,2018,1,3
19,6.76,7.07,6.62,6.89,39164000,2018-01-26,2018,1,26
20,6.85,6.89,6.71,6.73,2129000,2018-01-29,2018,1,29
21,6.7,6.85,6.7,6.76,2481500,2018-01-30,2018,1,30
22,6.79,6.8,6.63,6.68,3957000,2018-01-31,2018,1,31
23,6.69,6.78,6.63,6.73,2421500,2018-02-01,2018,2,1
40,6.19,6.25,6.12,6.2,4162000,2018-02-27,2018,2,27
41,6.16,6.25,6.16,6.21,534000,2018-02-28,2018,2,28
42,6.2,6.47,6.2,6.43,4690000,2018-03-01,2018,3,1
43,6.4,6.54,6.35,6.38,8943500,2018-03-02,2018,3,2
44,6.38,6.42,6.28,6.31,1369500,2018-03-05,2018,3,5
45,6.35,6.37,6.26,6.26,1744500,2018-03-06,2018,3,6
46,6.25,6.33,6.25,6.29,1708000,2018-03-07,2018,3,7
47,6.3,6.3,6.15,6.17,9032000,2018-03-08,2018,3,8
48,6.17,6.24,6.15,6.17,666500,2018-03-09,2018,3,9
49,6.13,6.26,6.13,6.24,2255500,2018-03-12,2018,3,12
50,6.26,6.28,6.2,6.25,807500,2018-03-13,2018,3,13
51,6.21,6.3,6.21,6.28,1219000,2018-03-14,2018,3,14
52,6.25,6.41,6.25,6.31,2699000,2018-03-15,2018,3,15
53,6.32,6.4,6.25,6.26,2330000,2018-03-16,2018,3,16
54,6.28,6.33,6.2,6.22,2239500,2018-03-19,2018,3,19
55,6.25,6.36,6.21,6.26,5397500,2018-03-20,2018,3,20
56,6.26,6.4,6.26,6.3,4567500,2018-03-21,2018,3,21
57,6.32,6.48,6.29,6.31,8689000,2018-03-22,2018,3,22
58,6.3,6.49,6.3,6.32,8051000,2018-03-26,2018,3,26
59,6.45,6.7,6.45,6.57,30279500,2018-03-27,2018,3,27
60,6.63,6.79,6.6,6.75,22616000,2018-03-28,2018,3,28
61,6.79,7.02,6.7,6.99,50510000,2018-03-29,2018,3,29
62,7.06,7.19,6.96,7.01,23825000,2018-03-30,2018,3,30
63,7.17,7.17,6.85,6.88,9276500,2018-04-02,2018,4,2
64,6.93,7.18,6.8,6.96,27817000,2018-04-03,2018,4,3
65,7.03,7.15,6.95,6.99,12784500,2018-04-04,2018,4,4
66,7.03,7.05,6.93,7.0,6235000,2018-04-05,2018,4,5
67,7.04,7.14,6.9,6.91,4905000,2018-04-06,2018,4,6
68,6.95,6.95,6.82,6.84,3339000,2018-04-09,2018,4,9
69,6.82,6.9,6.76,6.88,3853000,2018-04-10,2018,4,10
70,6.9,6.98,6.81,6.87,4773500,2018-04-11,2018,4,11
71,6.9,7.14,6.81,7.06,47541000,2018-04-12,2018,4,12
72,7.2,7.28,7.07,7.11,36158500,2018-04-13,2018,4,13
73,7.15,7.15,6.98,7.04,10271500,2018-04-16,2018,4,16
74,7.09,7.13,7.0,7.1,5260500,2018-04-17,2018,4,17
75,7.1,7.12,6.95,7.0,11228000,2018-04-18,2018,4,18
76,6.95,7.0,6.79,6.9,12119500,2018-04-19,2018,4,19
77,6.85,7.0,6.78,6.87,4207000,2018-04-20,2018,4,20
78,6.86,7.09,6.85,6.95,4725000,2018-04-23,2018,4,23
79,6.99,7.05,6.83,6.85,3926000,2018-04-24,2018,4,24
80,6.91,6.91,6.71,6.83,4203000,2018-04-25,2018,4,25
81,6.85,6.9,6.71,6.75,4169500,2018-04-26,2018,4,26
82,6.73,6.8,6.64,6.68,6353500,2018-04-27,2018,4,27
83,6.7,6.74,6.6,6.71,4084000,2018-04-30,2018,4,30
84,6.74,6.76,6.65,6.71,767000,2018-05-02,2018,5,2
85,6.71,6.74,6.55,6.56,3482000,2018-05-03,2018,5,3
86,6.57,6.69,6.53,6.66,2219000,2018-05-04,2018,5,4
87,6.62,6.65,6.54,6.56,1889500,2018-05-07,2018,5,7
88,6.6,6.66,6.55,6.56,3157500,2018-05-08,2018,5,8
89,6.6,6.75,6.44,6.49,3483500,2018-05-09,2018,5,9
90,6.5,6.55,6.36,6.39,4296500,2018-05-10,2018,5,10
91,6.35,6.44,6.24,6.28,5461500,2018-05-11,2018,5,11
92,6.28,6.28,5.9,5.98,12065500,2018-05-14,2018,5,14
93,6.05,6.13,5.88,6.05,6177000,2018-05-15,2018,5,15
94,6.1,6.19,6.02,6.07,2598500,2018-05-16,2018,5,16
95,6.07,6.16,6.07,6.12,4834500,2018-05-17,2018,5,17
96,6.17,6.17,6.0,6.01,5874500,2018-05-18,2018,5,18
97,6.03,6.08,6.0,6.0,1419000,2018-05-21,2018,5,21
98,6.0,6.14,6.0,6.12,2341500,2018-05-22,2018,5,22
99,6.11,6.15,6.02,6.12,1442500,2018-05-23,2018,5,23
100,6.14,6.14,6.01,6.05,5095500,2018-05-24,2018,5,24
101,6.06,6.06,5.81,5.89,6619000,2018-05-25,2018,5,25
102,5.9,6.0,5.85,5.88,4891500,2018-05-28,2018,5,28
103,5.81,6.02,5.81,5.99,4736500,2018-05-29,2018,5,29
104,6.0,6.05,5.89,6.0,4749500,2018-05-30,2018,5,30
105,6.03,6.03,5.91,5.94,1153500,2018-05-31,2018,5,31
106,5.95,6.0,5.92,5.98,1164500,2018-06-01,2018,6,1
107,5.98,6.01,5.9,5.95,915500,2018-06-04,2018,6,4
108,5.92,5.98,5.9,5.97,3169500,2018-06-05,2018,6,5
109,5.97,5.97,5.84,5.85,3284500,2018-06-06,2018,6,6
110,5.85,5.85,5.74,5.8,4651500,2018-06-07,2018,6,7
111,5.8,5.8,5.52,5.7,6512000,2018-06-11,2018,6,11
112,5.75,5.75,5.64,5.68,5710500,2018-06-12,2018,6,12
113,5.68,5.71,5.55,5.57,7091500,2018-06-13,2018,6,13
114,5.6,5.64,5.54,5.61,1537000,2018-06-14,2018,6,14
115,5.65,5.67,5.47,5.5,2612500,2018-06-19,2018,6,19
116,5.6,5.8,5.58,5.64,5806500,2018-06-20,2018,6,20
117,5.65,5.65,5.49,5.5,48332500,2018-06-21,2018,6,21
118,5.52,5.55,5.25,5.32,20260500,2018-06-22,2018,6,22
119,5.35,5.5,5.15,5.27,18652000,2018-06-25,2018,6,25
120,5.3,5.38,5.25,5.3,5133000,2018-06-26,2018,6,26
121,5.34,5.34,5.11,5.19,5038000,2018-06-27,2018,6,27
122,5.2,5.56,5.16,5.45,13617500,2018-06-28,2018,6,28
123,5.4,5.75,5.38,5.68,12078000,2018-06-29,2018,6,29
124,5.68,5.7,5.41,5.5,2342500,2018-07-02,2018,7,2
125,5.46,5.49,5.4,5.44,2006500,2018-07-03,2018,7,3
126,5.37,5.44,5.15,5.18,4305000,2018-07-04,2018,7,4
127,5.11,5.95,5.11,5.67,30242500,2018-07-05,2018,7,5
128,5.5,5.7,5.21,5.58,40474000,2018-07-06,2018,7,6
129,5.6,5.63,5.17,5.28,11927000,2018-07-09,2018,7,9
130,5.3,5.37,5.13,5.24,6935000,2018-07-10,2018,7,10
131,5.25,5.38,5.22,5.3,4766000,2018-07-11,2018,7,11
132,5.3,5.3,5.23,5.25,1483000,2018-07-12,2018,7,12
133,5.25,5.45,5.25,5.3,5427500,2018-07-13,2018,7,13
134,5.31,5.35,5.13,5.14,5664500,2018-07-16,2018,7,16
135,5.12,5.23,5.04,5.16,5392000,2018-07-17,2018,7,17
136,5.2,5.34,5.2,5.31,3451000,2018-07-18,2018,7,18
137,5.32,5.7,5.3,5.63,22771500,2018-07-19,2018,7,19
138,5.7,5.7,5.38,5.44,14101000,2018-07-20,2018,7,20
139,5.49,5.49,5.25,5.3,7616500,2018-07-23,2018,7,23
140,5.26,5.56,5.26,5.52,8382500,2018-07-24,2018,7,24
141,5.64,5.66,5.4,5.55,18034000,2018-07-26,2018,7,26
142,5.58,5.72,5.5,5.64,14687500,2018-07-27,2018,7,27
143,5.65,5.75,5.5,5.55,14265000,2018-07-30,2018,7,30
144,5.55,5.6,5.35,5.38,14487000,2018-07-31,2018,7,31
145,5.36,5.62,5.36,5.54,7329000,2018-08-01,2018,8,1
146,5.55,5.63,5.43,5.47,4658500,2018-08-02,2018,8,2
147,5.5,5.6,5.45,5.52,2380500,2018-08-03,2018,8,3
148,5.55,5.55,5.45,5.46,2163500,2018-08-06,2018,8,6
149,5.5,5.5,5.4,5.47,4582000,2018-08-07,2018,8,7
150,5.46,5.54,5.4,5.43,2894000,2018-08-08,2018,8,8
151,5.43,5.54,5.42,5.47,1917500,2018-08-09,2018,8,9
152,5.45,5.72,5.45,5.57,11228000,2018-08-10,2018,8,10
153,5.6,5.65,5.5,5.54,4029000,2018-08-13,2018,8,13
154,5.55,5.6,5.39,5.44,1995000,2018-08-15,2018,8,15
155,5.42,5.48,5.25,5.31,6482500,2018-08-16,2018,8,16
156,5.35,5.5,5.35,5.42,4123500,2018-08-17,2018,8,17
157,5.5,5.55,5.38,5.4,2217500,2018-08-20,2018,8,20
158,5.41,5.63,5.4,5.58,5137000,2018-08-24,2018,8,24
159,5.58,5.71,5.53,5.55,5204000,2018-08-27,2018,8,27
160,5.54,5.54,5.4,5.42,3695000,2018-08-28,2018,8,28
161,5.47,5.47,5.35,5.37,2682500,2018-08-29,2018,8,29
162,5.42,5.44,5.33,5.35,2854500,2018-08-30,2018,8,30
163,5.39,5.39,5.29,5.31,3865500,2018-08-31,2018,8,31
164,5.46,5.7,5.4,5.55,16727500,2018-09-03,2018,9,3
165,5.58,5.88,5.57,5.78,23616500,2018-09-04,2018,9,4
166,5.8,5.86,5.61,5.64,5956500,2018-09-05,2018,9,5
167,5.65,5.69,5.44,5.46,4099500,2018-09-06,2018,9,6
168,5.46,5.54,5.34,5.39,3848000,2018-09-07,2018,9,7
169,5.4,5.42,5.28,5.35,3911500,2018-09-10,2018,9,10
170,5.33,5.48,5.33,5.41,5125500,2018-09-11,2018,9,11
171,5.4,5.54,5.25,5.27,4077000,2018-09-12,2018,9,12
172,5.27,5.41,5.27,5.37,8060500,2018-09-13,2018,9,13
173,5.4,5.43,5.33,5.4,2150000,2018-09-14,2018,9,14
174,5.46,5.46,5.25,5.26,4851000,2018-09-17,2018,9,17
175,5.3,5.39,5.23,5.37,2807500,2018-09-18,2018,9,18
176,5.4,5.45,5.31,5.38,30606500,2018-09-19,2018,9,19
177,5.42,5.5,5.3,5.31,6068500,2018-09-24,2018,9,24
178,5.35,5.38,5.3,5.3,3088500,2018-09-25,2018,9,25
179,5.35,5.42,5.27,5.33,4366500,2018-09-26,2018,9,26
180,5.3,5.34,5.19,5.21,5295500,2018-09-27,2018,9,27
181,5.2,5.4,5.2,5.35,9771500,2018-09-28,2018,9,28
182,5.36,5.36,5.25,5.27,1350500,2018-10-01,2018,10,1
183,5.31,5.45,5.31,5.32,2716500,2018-10-02,2018,10,2
184,5.32,5.35,5.25,5.28,1189500,2018-10-03,2018,10,3
185,5.3,5.3,5.2,5.22,2098000,2018-10-04,2018,10,4
186,5.25,5.25,4.91,5.0,4862500,2018-10-05,2018,10,5
187,5.0,5.06,4.72,4.77,12185000,2018-10-08,2018,10,8
188,4.85,4.97,4.75,4.82,7459000,2018-10-09,2018,10,9
189,4.9,4.9,4.66,4.86,6456000,2018-10-10,2018,10,10
190,4.86,5.28,4.86,5.11,12008500,2018-10-11,2018,10,11
191,5.23,5.4,5.17,5.21,8860500,2018-10-12,2018,10,12
192,5.25,5.4,5.05,5.14,7530000,2018-10-15,2018,10,15
193,5.25,5.4,5.17,5.27,5150000,2018-10-16,2018,10,16
194,5.3,5.46,5.25,5.44,6015000,2018-10-17,2018,10,17
195,5.4,5.4,5.25,5.33,6028500,2018-10-18,2018,10,18
196,5.3,5.38,5.2,5.33,6245500,2018-10-19,2018,10,19
197,5.35,5.46,5.35,5.37,4590500,2018-10-22,2018,10,22
198,5.37,5.37,5.25,5.29,3072000,2018-10-23,2018,10,23
199,5.5,6.05,5.46,6.0,68495000,2018-10-24,2018,10,24
200,6.06,6.15,5.63,5.81,23404500,2018-10-25,2018,10,25
201,5.8,6.04,5.7,5.99,14927500,2018-10-26,2018,10,26
202,5.96,6.4,5.95,6.27,44137500,2018-10-29,2018,10,29
203,6.2,6.3,6.09,6.24,18806000,2018-10-30,2018,10,30
204,6.25,6.4,6.16,6.3,19989000,2018-10-31,2018,10,31
205,6.25,6.31,6.14,6.22,10159500,2018-11-01,2018,11,1
206,6.25,6.3,6.12,6.19,7972000,2018-11-02,2018,11,2
207,6.02,6.02,5.76,5.83,11089000,2018-11-05,2018,11,5
208,5.8,5.84,5.51,5.68,13713000,2018-11-06,2018,11,6
209,5.8,5.85,5.7,5.75,6273000,2018-11-07,2018,11,7
210,5.75,6.0,5.71,5.94,14686500,2018-11-08,2018,11,8
211,5.91,6.15,5.84,6.08,16186000,2018-11-09,2018,11,9
212,6.05,6.27,5.96,6.02,17718000,2018-11-12,2018,11,12
213,6.02,6.02,5.9,5.94,1245000,2018-11-13,2018,11,13
214,5.95,6.07,5.89,5.95,4048000,2018-11-14,2018,11,14
215,5.88,6.0,5.88,5.91,3352000,2018-11-15,2018,11,15
216,5.91,5.98,5.83,5.88,1432000,2018-11-16,2018,11,16
217,5.95,5.98,5.82,5.88,2207000,2018-11-19,2018,11,19
218,5.9,5.95,5.73,5.75,4539000,2018-11-20,2018,11,20
219,5.8,5.82,5.65,5.67,1688000,2018-11-22,2018,11,22
220,5.66,5.7,5.58,5.6,2441000,2018-11-23,2018,11,23
221,5.65,5.67,5.55,5.56,1111000,2018-11-26,2018,11,26
222,5.57,5.68,5.49,5.64,4825500,2018-11-27,2018,11,27
223,5.7,5.96,5.63,5.9,12640000,2018-11-28,2018,11,28
224,5.85,5.89,5.71,5.81,1890500,2018-11-29,2018,11,29
225,5.8,5.84,5.55,5.64,7096000,2018-11-30,2018,11,30
226,5.5,5.5,5.29,5.35,17385500,2018-12-03,2018,12,3
227,5.34,5.5,5.28,5.47,10461500,2018-12-04,2018,12,4
228,5.43,5.59,5.29,5.32,8080000,2018-12-05,2018,12,5
229,5.35,5.44,5.14,5.18,15544000,2018-12-06,2018,12,6
230,5.2,5.57,5.18,5.53,13903500,2018-12-07,2018,12,7
231,5.8,6.04,5.73,5.98,34681500,2018-12-10,2018,12,10
232,6.1,6.1,5.85,5.93,7787500,2018-12-11,2018,12,11
233,5.8,5.9,5.73,5.78,16490000,2018-12-12,2018,12,12
234,5.8,5.85,5.55,5.59,4444000,2018-12-13,2018,12,13
235,5.59,5.72,5.58,5.65,2877500,2018-12-14,2018,12,14
236,5.65,5.92,5.65,5.8,6879000,2018-12-17,2018,12,17
237,5.8,6.05,5.72,5.97,14288000,2018-12-18,2018,12,18
238,5.97,6.09,5.85,5.95,12464000,2018-12-19,2018,12,19
239,5.9,6.05,5.9,5.99,8364000,2018-12-20,2018,12,20
240,5.97,6.16,5.8,6.02,17354000,2018-12-21,2018,12,21
241,5.95,6.1,5.86,6.03,6401500,2018-12-24,2018,12,24
242,6.1,6.15,6.01,6.04,12752500,2018-12-26,2018,12,26
243,6.07,6.12,5.92,5.95,4368000,2018-12-27,2018,12,27
244,6.0,6.09,5.75,5.92,12406500,2018-12-28,2018,12,28
245,5.71,5.99,5.65,5.94,18591500,2018-12-31,2018,12,31
24,6.75,6.95,6.72,6.88,12430000,2018-02-02,2018,2,2
25,6.8,6.81,6.59,6.73,9683000,2018-02-06,2018,2,6
26,6.72,6.86,6.65,6.68,4350000,2018-02-07,2018,2,7
27,6.68,6.73,6.61,6.65,2430000,2018-02-08,2018,2,8
28,6.61,6.7,6.58,6.66,5254000,2018-02-09,2018,2,9
29,6.7,6.84,6.61,6.63,8647000,2018-02-12,2018,2,12
30,6.65,6.7,6.54,6.56,3206000,2018-02-13,2018,2,13
31,6.55,6.56,6.3,6.38,10670000,2018-02-14,2018,2,14
32,6.49,6.49,6.2,6.26,7745500,2018-02-15,2018,2,15
33,6.3,6.49,6.25,6.43,3302000,2018-02-16,2018,2,16
34,6.45,6.45,6.33,6.35,1534500,2018-02-19,2018,2,19
35,6.36,6.4,6.31,6.35,2263000,2018-02-20,2018,2,20
36,6.36,6.42,6.22,6.25,8038000,2018-02-21,2018,2,21
37,6.25,6.38,6.15,6.32,4590500,2018-02-22,2018,2,22
38,6.35,6.38,6.17,6.2,6564000,2018-02-23,2018,2,23
39,6.25,6.25,6.11,6.14,1355500,2018-02-26,2018,2,26
3,6.75,7.05,6.75,6.95,34058000,2018-01-04,2018,1,4
4,6.99,7.04,6.81,6.86,11516000,2018-01-05,2018,1,5
5,6.89,7.04,6.85,6.89,10975500,2018-01-08,2018,1,8
6,6.92,6.92,6.63,6.69,5839000,2018-01-09,2018,1,9
7,6.75,6.95,6.69,6.92,6485500,2018-01-10,2018,1,10
8,6.6,6.75,6.48,6.67,18787000,2018-01-11,2018,1,11
9,6.69,6.71,6.48,6.52,4317000,2018-01-12,2018,1,12
10,6.5,6.52,6.36,6.4,3567000,2018-01-15,2018,1,15
11,6.44,6.45,6.29,6.32,4114500,2018-01-16,2018,1,16
12,6.35,6.4,6.19,6.26,6457000,2018-01-17,2018,1,17
13,6.3,6.4,6.28,6.34,5775500,2018-01-18,2018,1,18
14,6.35,6.57,6.31,6.51,4072000,2018-01-19,2018,1,19
15,6.51,6.71,6.4,6.54,8728000,2018-01-22,2018,1,22
16,6.55,6.55,6.43,6.5,5518500,2018-01-23,2018,1,23
17,6.52,6.71,6.49,6.57,5918000,2018-01-24,2018,1,24
18,6.55,6.92,6.55,6.78,13935500,2018-01-25,2018,1,25
263,6.71,6.72,6.53,6.55,6910500,2019-01-24,2019,1,24
262,6.62,6.71,6.55,6.62,14980500,2019-01-23,2019,1,23
277,6.6,6.61,6.46,6.51,2682500,2019-02-14,2019,2,14
276,6.59,6.68,6.5,6.59,18092000,2019-02-13,2019,2,13
275,6.25,6.57,6.2,6.51,12700000,2019-02-12,2019,2,12
274,6.43,6.46,6.19,6.24,15499500,2019-02-11,2019,2,11
273,6.53,6.7,6.34,6.38,23238500,2019-02-08,2019,2,8
272,6.51,6.59,6.45,6.49,2306000,2019-02-07,2019,2,7
271,6.65,6.75,6.51,6.53,5324500,2019-02-06,2019,2,6
270,6.48,6.7,6.46,6.68,17602000,2019-02-04,2019,2,4
269,6.44,6.49,6.4,6.47,3275500,2019-02-01,2019,2,1
268,6.36,6.45,6.34,6.4,2626500,2019-01-31,2019,1,31
267,6.39,6.45,6.35,6.36,2082000,2019-01-30,2019,1,30
266,6.4,6.48,6.35,6.39,3896500,2019-01-29,2019,1,29
265,6.48,6.5,6.4,6.43,4181000,2019-01-28,2019,1,28
264,6.53,6.6,6.4,6.42,5922500,2019-01-25,2019,1,25
295,6.0,6.05,5.88,5.98,5863500,2019-03-12,2019,3,12
294,6.1,6.1,6.0,6.04,4109000,2019-03-11,2019,3,11
293,6.1,6.12,5.99,6.01,4466000,2019-03-08,2019,3,8
292,6.21,6.24,6.07,6.1,3134000,2019-03-07,2019,3,7
291,6.2,6.23,6.15,6.21,5185500,2019-03-06,2019,3,6
290,6.21,6.29,6.2,6.28,7642000,2019-03-05,2019,3,5
289,6.05,6.16,6.0,6.14,2003000,2019-03-04,2019,3,4
288,6.1,6.18,6.05,6.09,5504000,2019-03-01,2019,3,1
287,5.98,6.09,5.73,6.04,9475000,2019-02-28,2019,2,28
286,6.0,6.0,5.51,5.87,19816000,2019-02-27,2019,2,27
285,6.1,6.22,6.03,6.04,8594000,2019-02-26,2019,2,26
284,6.21,6.35,6.18,6.2,2484500,2019-02-25,2019,2,25
283,6.26,6.3,6.22,6.23,2370500,2019-02-22,2019,2,22
282,6.38,6.39,6.26,6.27,6064500,2019-02-21,2019,2,21
281,6.32,6.43,6.31,6.34,7018500,2019-02-20,2019,2,20
280,6.43,6.53,6.32,6.4,9679500,2019-02-19,2019,2,19
311,5.32,5.35,5.17,5.21,7708500,2019-04-03,2019,4,3
310,5.4,5.45,5.22,5.25,8847500,2019-04-02,2019,4,2
309,5.5,5.59,5.35,5.41,3815500,2019-04-01,2019,4,1
308,5.5,5.66,5.45,5.59,7668000,2019-03-29,2019,3,29
307,5.6,5.61,5.46,5.49,1722000,2019-03-28,2019,3,28
306,5.59,5.67,5.5,5.62,13503000,2019-03-27,2019,3,27
305,5.45,5.52,5.4,5.45,7164500,2019-03-26,2019,3,26
304,5.7,5.7,5.35,5.39,5504500,2019-03-25,2019,3,25
303,5.69,5.74,5.58,5.64,2088000,2019-03-22,2019,3,22
302,5.7,5.7,5.59,5.61,1365000,2019-03-21,2019,3,21
301,5.7,5.75,5.65,5.71,1676000,2019-03-20,2019,3,20
300,5.85,5.88,5.65,5.71,1296000,2019-03-19,2019,3,19
299,5.75,5.85,5.5,5.81,15346500,2019-03-18,2019,3,18
298,5.95,6.0,5.64,5.67,17033500,2019-03-15,2019,3,15
297,6.0,6.05,5.89,5.9,4068000,2019-03-14,2019,3,14
296,5.98,6.08,5.95,6.0,8068500,2019-03-13,2019,3,13
327,4.68,4.81,4.65,4.79,3930500,2019-04-25,2019,4,25
326,4.7,4.83,4.64,4.67,6521500,2019-04-24,2019,4,24
325,4.82,4.82,4.63,4.69,9877000,2019-04-23,2019,4,23
324,5.07,5.1,4.73,4.81,10146500,2019-04-22,2019,4,22
323,5.06,5.12,4.98,5.03,13551000,2019-04-19,2019,4,19
322,4.95,5.11,4.85,5.06,7630500,2019-04-18,2019,4,18
321,5.05,5.05,4.83,4.87,3538500,2019-04-17,2019,4,17
320,5.09,5.11,4.97,5.01,13353000,2019-04-16,2019,4,16
319,5.23,5.25,5.04,5.1,13986500,2019-04-15,2019,4,15
318,5.06,5.26,5.02,5.23,14841500,2019-04-12,2019,4,12
317,4.97,5.15,4.94,5.05,11124500,2019-04-11,2019,4,11
316,5.22,5.23,4.95,4.98,11584500,2019-04-10,2019,4,10
315,4.98,5.33,4.98,5.26,9525000,2019-04-09,2019,4,9
314,5.2,5.2,4.93,4.98,10902500,2019-04-08,2019,4,8
313,5.1,5.25,5.0,5.23,7769000,2019-04-05,2019,4,5
312,5.28,5.28,5.05,5.1,8774000,2019-04-04,2019,4,4
343,3.8,3.96,3.56,3.9,12322000,2019-05-20,2019,5,20
342,4.01,4.06,3.54,3.67,15343500,2019-05-17,2019,5,17
341,4.3,4.35,3.95,4.0,14604000,2019-05-16,2019,5,16
340,3.99,4.24,3.97,4.22,9164500,2019-05-15,2019,5,15
339,4.09,4.09,3.88,3.92,7094000,2019-05-14,2019,5,14
338,4.36,4.4,3.95,3.98,9812000,2019-05-13,2019,5,13
337,4.25,4.45,4.18,4.22,4827500,2019-05-10,2019,5,10
336,4.2,4.3,4.1,4.19,3493000,2019-05-09,2019,5,9
335,4.51,4.51,3.97,4.2,16775000,2019-05-08,2019,5,8
334,4.64,4.75,4.42,4.45,10190000,2019-05-07,2019,5,7
333,4.66,4.78,4.56,4.6,1681500,2019-05-06,2019,5,6
332,4.75,4.82,4.69,4.7,880000,2019-05-03,2019,5,3
331,4.93,4.97,4.75,4.76,1154000,2019-05-02,2019,5,2
330,4.88,4.95,4.79,4.88,3210000,2019-04-30,2019,4,30
329,4.95,5.0,4.75,4.83,10161000,2019-04-29,2019,4,29
328,4.8,4.95,4.8,4.87,5730500,2019-04-26,2019,4,26
359,4.29,4.29,4.1,4.11,4829000,2019-06-18,2019,6,18
358,4.44,4.48,4.23,4.27,3664500,2019-06-17,2019,6,17
357,4.43,4.5,4.31,4.4,4025000,2019-06-14,2019,6,14
356,4.31,4.5,4.25,4.46,8466000,2019-06-13,2019,6,13
355,4.41,4.46,4.25,4.31,7488000,2019-06-12,2019,6,12
354,4.3,4.46,4.27,4.34,9041000,2019-06-11,2019,6,11
353,4.3,4.46,4.24,4.27,18529500,2019-06-10,2019,6,10
352,4.15,4.22,4.05,4.09,3698000,2019-06-03,2019,6,3
351,4.26,4.45,4.13,4.17,12093500,2019-05-30,2019,5,30
350,4.05,4.21,4.05,4.18,8094000,2019-05-29,2019,5,29
349,4.1,4.13,3.95,4.02,5839000,2019-05-28,2019,5,28
348,4.25,4.25,4.08,4.13,3324000,2019-05-27,2019,5,27
347,4.35,4.35,4.12,4.18,5662000,2019-05-24,2019,5,24
346,4.49,4.55,4.24,4.32,15176000,2019-05-23,2019,5,23
345,4.16,4.4,4.12,4.38,15749000,2019-05-22,2019,5,22
344,3.89,4.1,3.84,4.04,9507000,2019-05-21,2019,5,21
375,4.05,4.13,4.04,4.1,1203500,2019-07-10,2019,7,10
374,4.04,4.09,3.97,4.05,3793500,2019-07-09,2019,7,9
373,4.2,4.28,3.98,4.01,7444500,2019-07-08,2019,7,8
372,4.19,4.28,4.18,4.22,1225500,2019-07-05,2019,7,5
371,4.45,4.45,4.24,4.29,8979500,2019-07-04,2019,7,4
370,4.4,4.47,4.32,4.34,4109500,2019-07-03,2019,7,3
369,4.4,4.5,4.3,4.38,13561500,2019-07-02,2019,7,2
368,4.4,4.45,4.32,4.34,580500,2019-07-01,2019,7,1
367,4.21,4.5,4.1,4.39,21309000,2019-06-28,2019,6,28
366,4.15,4.33,4.05,4.19,24990500,2019-06-27,2019,6,27
365,4.24,4.31,3.98,4.21,29658000,2019-06-26,2019,6,26
364,4.2,4.28,4.1,4.21,21355500,2019-06-25,2019,6,25
363,4.25,4.3,4.11,4.25,6399000,2019-06-24,2019,6,24
362,4.14,4.27,4.13,4.25,12176000,2019-06-21,2019,6,21
361,4.16,4.26,4.11,4.14,9325500,2019-06-20,2019,6,20
360,4.18,4.18,4.05,4.12,2083000,2019-06-19,2019,6,19
391,3.48,3.51,3.38,3.42,3010000,2019-08-01,2019,8,1
390,3.4,3.5,3.31,3.47,4253500,2019-07-31,2019,7,31
389,3.34,3.42,3.3,3.35,3147000,2019-07-30,2019,7,30
388,3.53,3.54,3.25,3.32,6262500,2019-07-29,2019,7,29
387,3.56,3.6,3.44,3.47,3867000,2019-07-26,2019,7,26
386,3.64,3.64,3.53,3.58,3274000,2019-07-25,2019,7,25
385,3.77,3.78,3.6,3.62,3520500,2019-07-24,2019,7,24
384,3.73,3.8,3.6,3.73,2158500,2019-07-23,2019,7,23
383,3.66,3.72,3.6,3.65,1344500,2019-07-22,2019,7,22
382,3.55,3.7,3.48,3.64,11088000,2019-07-19,2019,7,19
381,3.72,3.78,3.47,3.54,7348000,2019-07-18,2019,7,18
380,3.8,3.84,3.66,3.71,3865000,2019-07-17,2019,7,17
379,3.82,3.9,3.61,3.71,20303000,2019-07-16,2019,7,16
378,4.0,4.03,3.8,3.81,4512000,2019-07-15,2019,7,15
377,4.06,4.09,3.97,4.0,6894000,2019-07-12,2019,7,12
376,4.11,4.11,4.02,4.09,846500,2019-07-11,2019,7,11
407,3.4,3.43,3.17,3.22,5132500,2019-08-29,2019,8,29
406,3.55,3.57,3.32,3.38,10005500,2019-08-28,2019,8,28
405,3.45,3.57,3.36,3.55,4275500,2019-08-27,2019,8,27
404,3.52,3.6,3.41,3.45,5354000,2019-08-26,2019,8,26
403,3.76,3.76,3.52,3.56,5374500,2019-08-23,2019,8,23
402,3.4,3.77,3.4,3.75,17928000,2019-08-22,2019,8,22
401,3.14,3.4,3.09,3.32,4977500,2019-08-21,2019,8,21
400,3.16,3.28,3.1,3.14,5846500,2019-08-20,2019,8,20
399,3.03,3.22,3.03,3.16,1613000,2019-08-19,2019,8,19
398,3.06,3.14,3.0,3.03,2251500,2019-08-16,2019,8,16
397,3.05,3.1,3.04,3.05,2354000,2019-08-09,2019,8,9
396,3.21,3.21,3.0,3.04,10321000,2019-08-08,2019,8,8
395,3.17,3.27,3.13,3.15,4598000,2019-08-07,2019,8,7
394,3.25,3.35,3.2,3.22,3115500,2019-08-06,2019,8,6
393,3.43,3.43,3.26,3.29,2481000,2019-08-05,2019,8,5
392,3.35,3.47,3.35,3.44,599000,2019-08-02,2019,8,2
423,3.25,3.31,3.2,3.26,4597500,2019-09-24,2019,9,24
422,3.34,3.38,3.2,3.24,3470000,2019-09-23,2019,9,23
421,3.4,3.53,3.31,3.36,5398500,2019-09-20,2019,9,20
420,3.36,3.46,3.3,3.4,7027000,2019-09-19,2019,9,19
419,3.59,3.6,3.29,3.36,8274000,2019-09-18,2019,9,18
418,3.42,3.62,3.4,3.56,6423500,2019-09-17,2019,9,17
417,3.4,3.5,3.37,3.44,4759000,2019-09-16,2019,9,16
416,3.42,3.47,3.36,3.37,3012000,2019-09-13,2019,9,13
415,3.26,3.5,3.26,3.42,11772000,2019-09-12,2019,9,12
414,3.26,3.3,3.16,3.26,1334000,2019-09-11,2019,9,11
413,3.2,3.28,3.18,3.24,122500,2019-09-06,2019,9,6
412,3.22,3.35,3.19,3.23,3248500,2019-09-05,2019,9,5
411,3.2,3.32,3.15,3.29,2047000,2019-09-04,2019,9,4
410,3.2,3.3,3.15,3.17,2204000,2019-09-03,2019,9,3
409,3.12,3.3,3.1,3.25,3823500,2019-09-02,2019,9,2
408,3.21,3.27,3.02,3.05,10088500,2019-08-30,2019,8,30
439,4.0,4.12,3.96,3.98,11825000,2019-10-16,2019,10,16
438,4.03,4.07,3.95,3.98,4753500,2019-10-15,2019,10,15
437,4.13,4.13,3.99,4.01,4942500,2019-10-14,2019,10,14
436,4.2,4.26,4.09,4.12,10239500,2019-10-11,2019,10,11
435,4.03,4.27,4.03,4.18,16513500,2019-10-10,2019,10,10
434,4.1,4.16,3.98,4.03,8924500,2019-10-09,2019,10,9
433,4.13,4.23,4.01,4.05,7679000,2019-10-08,2019,10,8
432,4.06,4.24,3.97,4.11,16879500,2019-10-07,2019,10,7
431,4.1,4.14,3.96,4.05,7139500,2019-10-04,2019,10,4
430,3.72,4.16,3.66,4.09,35771000,2019-10-03,2019,10,3
429,3.8,3.84,3.71,3.75,10057000,2019-10-02,2019,10,2
428,3.59,3.8,3.51,3.77,22886000,2019-10-01,2019,10,1
427,3.7,3.72,3.37,3.55,55568500,2019-09-30,2019,9,30
426,3.52,3.7,3.45,3.63,17578500,2019-09-27,2019,9,27
425,3.32,3.6,3.31,3.52,31426000,2019-09-26,2019,9,26
424,3.23,3.45,3.15,3.31,14896500,2019-09-25,2019,9,25
455,4.0,4.0,3.85,3.87,3602000,2019-11-07,2019,11,7
454,3.93,4.06,3.88,3.91,14700500,2019-11-06,2019,11,6
453,3.84,3.98,3.8,3.86,7844000,2019-11-05,2019,11,5
452,3.78,3.94,3.78,3.85,8075500,2019-11-04,2019,11,4
451,3.65,3.92,3.62,3.77,6479500,2019-11-01,2019,11,1
450,3.64,3.73,3.6,3.7,3130500,2019-10-31,2019,10,31
449,3.67,3.71,3.55,3.57,2729000,2019-10-30,2019,10,30
448,3.78,3.78,3.63,3.67,7115000,2019-10-29,2019,10,29
447,3.75,3.79,3.66,3.74,2484500,2019-10-28,2019,10,28
446,3.75,3.8,3.66,3.68,5148000,2019-10-25,2019,10,25
445,3.83,3.88,3.71,3.73,2850000,2019-10-24,2019,10,24
444,3.73,3.84,3.73,3.76,2122000,2019-10-23,2019,10,23
443,3.62,3.78,3.62,3.72,2796000,2019-10-22,2019,10,22
442,3.87,3.87,3.64,3.68,11200000,2019-10-21,2019,10,21
441,3.91,3.97,3.86,3.89,1153000,2019-10-18,2019,10,18
440,4.0,4.01,3.86,3.9,5195500,2019-10-17,2019,10,17
471,4.15,4.28,4.12,4.2,16430500,2019-11-29,2019,11,29
470,4.09,4.19,4.05,4.11,6965500,2019-11-28,2019,11,28
469,4.13,4.14,4.02,4.07,3422000,2019-11-27,2019,11,27
468,4.17,4.25,3.98,4.07,18731500,2019-11-26,2019,11,26
467,4.1,4.2,4.04,4.1,6314500,2019-11-25,2019,11,25
466,4.0,4.18,3.98,4.1,7710500,2019-11-22,2019,11,22
465,4.2,4.2,3.97,4.0,12131500,2019-11-21,2019,11,21
464,4.42,4.42,4.1,4.15,12778000,2019-11-20,2019,11,20
463,4.35,4.46,4.28,4.36,27535000,2019-11-19,2019,11,19
462,4.12,4.38,4.1,4.31,28386500,2019-11-18,2019,11,18
461,4.04,4.13,3.98,4.1,12254500,2019-11-15,2019,11,15
460,4.02,4.09,3.97,4.0,5905500,2019-11-14,2019,11,14
459,4.08,4.08,3.98,4.01,5727000,2019-11-13,2019,11,13
458,4.08,4.16,4.02,4.06,8990000,2019-11-12,2019,11,12
457,4.06,4.11,4.02,4.04,8878500,2019-11-11,2019,11,11
456,3.88,4.12,3.85,4.0,10087500,2019-11-08,2019,11,8
487,4.08,4.15,3.96,4.0,6660000,2019-12-23,2019,12,23
486,4.14,4.23,4.08,4.12,7373500,2019-12-20,2019,12,20
485,4.25,4.3,4.1,4.14,6081000,2019-12-19,2019,12,19
484,4.36,4.36,4.22,4.27,12430500,2019-12-18,2019,12,18
483,4.5,4.55,4.25,4.4,16701000,2019-12-17,2019,12,17
482,4.45,4.57,4.42,4.5,7165500,2019-12-16,2019,12,16
481,4.48,4.5,4.31,4.4,3794000,2019-12-13,2019,12,13
480,4.49,4.52,4.3,4.38,7391500,2019-12-12,2019,12,12
479,4.63,4.64,4.47,4.49,12691500,2019-12-11,2019,12,11
478,4.57,4.65,4.49,4.63,15845500,2019-12-10,2019,12,10
477,4.7,4.74,4.55,4.57,9597500,2019-12-09,2019,12,9
476,4.8,4.8,4.65,4.7,8218500,2019-12-06,2019,12,6
475,4.7,4.83,4.61,4.72,20047000,2019-12-05,2019,12,5
474,4.64,4.7,4.55,4.62,15975000,2019-12-04,2019,12,4
473,4.68,4.86,4.6,4.69,42806000,2019-12-03,2019,12,3
472,4.26,4.69,4.18,4.59,40850000,2019-12-02,2019,12,2
492,4.38,4.44,4.33,4.37,13799000,2019-12-31,2019,12,31
491,4.14,4.46,4.14,4.35,19107000,2019-12-30,2019,12,30
490,4.15,4.19,4.0,4.06,10996500,2019-12-27,2019,12,27
489,4.2,4.22,4.1,4.19,4663000,2019-12-26,2019,12,26
488,3.96,4.19,3.9,4.15,9525000,2019-12-24,2019,12,24
261,6.56,6.67,6.5,6.63,9592500,2019-01-22,2019,1,22
260,6.5,6.65,6.36,6.57,19089000,2019-01-21,2019,1,21
259,6.11,6.67,6.07,6.45,55918000,2019-01-18,2019,1,18
258,6.27,6.3,6.08,6.14,8635000,2019-01-17,2019,1,17
257,6.34,6.42,6.26,6.29,13222500,2019-01-16,2019,1,16
256,6.45,6.45,6.33,6.36,7788500,2019-01-15,2019,1,15
255,6.3,6.48,6.3,6.42,10840000,2019-01-14,2019,1,14
254,6.23,6.36,6.1,6.31,13920500,2019-01-11,2019,1,11
253,6.2,6.31,6.15,6.21,7388000,2019-01-10,2019,1,10
252,6.25,6.26,6.11,6.16,2304000,2019-01-09,2019,1,9
251,6.28,6.32,6.16,6.22,10123000,2019-01-08,2019,1,8
250,5.8,6.35,5.8,6.29,22848500,2019-01-07,2019,1,7
249,5.85,6.0,5.76,5.82,1431500,2019-01-04,2019,1,4
248,6.0,6.0,5.77,5.81,1888500,2019-01-03,2019,1,3
279,6.59,6.61,6.33,6.43,6343500,2019-02-18,2019,2,18
278,6.52,6.6,6.45,6.53,2258500,2019-02-15,2019,2,15
247,6.03,6.09,5.84,5.9,4702500,2019-01-02,2019,1,2
246,5.97,6.1,5.9,6.03,4908000,2019-01-01,2019,1,1
728,3.68,3.74,3.63,3.69,9448500,2020-12-09,2020,12,9
729,3.7,3.73,3.57,3.63,34142000,2020-12-10,2020,12,10
730,3.65,3.8,3.59,3.7,16266000,2020-12-11,2020,12,11
731,3.72,3.75,3.69,3.73,5174500,2020-12-14,2020,12,14
732,3.73,3.82,3.72,3.76,9673500,2020-12-15,2020,12,15
733,3.72,3.79,3.65,3.67,7425500,2020-12-16,2020,12,16
734,3.7,3.9,3.65,3.85,29033000,2020-12-17,2020,12,17
735,3.86,4.05,3.85,3.88,28651500,2020-12-18,2020,12,18
736,3.88,3.9,3.78,3.81,5076500,2020-12-21,2020,12,21
737,3.82,3.87,3.75,3.78,9232500,2020-12-22,2020,12,22
738,3.8,3.84,3.75,3.76,5319000,2020-12-23,2020,12,23
739,3.76,3.86,3.75,3.81,10839500,2020-12-24,2020,12,24
740,3.81,4.1,3.81,4.07,47200500,2020-12-28,2020,12,28
741,4.14,4.18,4.0,4.02,38148000,2020-12-29,2020,12,29
518,4.33,4.38,4.3,4.3,2694000,2020-02-06,2020,2,6
519,4.25,4.3,4.17,4.2,2532500,2020-02-07,2020,2,7
493,4.6,5.0,4.54,4.76,119386000,2020-01-01,2020,1,1
494,4.79,4.9,4.68,4.77,46828000,2020-01-02,2020,1,2
495,4.8,4.8,4.56,4.62,20210500,2020-01-03,2020,1,3
496,4.5,4.75,4.4,4.53,46030000,2020-01-06,2020,1,6
497,4.56,4.7,4.52,4.58,16090500,2020-01-07,2020,1,7
498,4.51,4.63,4.39,4.43,39458000,2020-01-08,2020,1,8
499,4.56,4.77,4.54,4.73,33460500,2020-01-09,2020,1,9
500,4.77,4.79,4.59,4.62,17211000,2020-01-10,2020,1,10
501,4.7,4.7,4.59,4.64,6415500,2020-01-13,2020,1,13
534,3.85,3.85,3.71,3.75,3976000,2020-02-28,2020,2,28
535,3.83,3.95,3.76,3.92,2703000,2020-03-02,2020,3,2
504,4.49,4.53,4.45,4.48,6161500,2020-01-16,2020,1,16
505,4.5,4.53,4.45,4.47,7129500,2020-01-17,2020,1,17
506,4.49,4.5,4.33,4.35,5144000,2020-01-20,2020,1,20
507,4.4,4.43,4.31,4.35,5704500,2020-01-21,2020,1,21
508,4.34,4.39,4.28,4.32,4461000,2020-01-22,2020,1,22
509,4.36,4.48,4.33,4.38,3407000,2020-01-23,2020,1,23
510,4.38,4.43,4.33,4.39,1336000,2020-01-24,2020,1,24
511,4.4,4.4,4.33,4.36,3698500,2020-01-27,2020,1,27
512,4.35,4.35,4.29,4.31,6534000,2020-01-28,2020,1,28
513,4.3,4.35,4.16,4.22,9445000,2020-01-29,2020,1,29
514,4.25,4.35,4.19,4.29,4047000,2020-01-30,2020,1,30
515,4.38,4.38,4.22,4.25,4880500,2020-01-31,2020,1,31
516,4.25,4.25,4.11,4.17,7038000,2020-02-03,2020,2,3
517,4.27,4.38,4.14,4.33,7827500,2020-02-04,2020,2,4
550,2.71,2.8,2.57,2.65,25596500,2020-03-24,2020,3,24
551,2.91,2.96,2.69,2.78,11624000,2020-03-25,2020,3,25
520,4.15,4.18,4.07,4.09,6991500,2020-02-10,2020,2,10
521,4.15,4.2,4.06,4.13,2974000,2020-02-11,2020,2,11
522,4.15,4.22,4.11,4.19,4964500,2020-02-12,2020,2,12
523,4.2,4.27,4.15,4.2,1774000,2020-02-13,2020,2,13
524,4.15,4.19,4.06,4.11,4348000,2020-02-14,2020,2,14
525,4.08,4.15,4.05,4.1,1821500,2020-02-17,2020,2,17
526,4.19,4.19,4.03,4.06,2835500,2020-02-18,2020,2,18
527,4.1,4.14,4.06,4.09,1940500,2020-02-19,2020,2,19
528,4.1,4.12,4.07,4.1,2221500,2020-02-20,2020,2,20
529,4.07,4.1,4.06,4.07,749500,2020-02-21,2020,2,21
530,4.1,4.1,3.89,3.91,10629500,2020-02-24,2020,2,24
531,3.95,3.98,3.84,3.88,6862000,2020-02-25,2020,2,25
532,3.92,3.96,3.84,3.85,3772500,2020-02-26,2020,2,26
533,3.79,3.84,3.7,3.82,5171000,2020-02-27,2020,2,27
566,2.84,2.9,2.8,2.83,7273000,2020-04-15,2020,4,15
567,2.88,2.9,2.81,2.89,3898500,2020-04-16,2020,4,16
536,4.0,4.05,3.85,3.9,2300000,2020-03-03,2020,3,3
537,3.95,3.99,3.82,3.84,1601000,2020-03-04,2020,3,4
538,3.89,4.04,3.89,3.99,3406500,2020-03-05,2020,3,5
539,3.9,3.95,3.77,3.83,2298000,2020-03-06,2020,3,6
540,3.7,3.75,3.4,3.54,20855500,2020-03-09,2020,3,9
541,3.64,3.77,3.46,3.64,14896000,2020-03-10,2020,3,10
542,3.75,3.75,3.52,3.53,5126000,2020-03-11,2020,3,11
543,3.53,3.53,3.31,3.36,14730000,2020-03-12,2020,3,12
544,3.28,3.45,3.22,3.41,6495000,2020-03-13,2020,3,13
545,3.4,3.4,3.15,3.3,5008000,2020-03-16,2020,3,16
546,3.23,3.43,3.18,3.23,3115500,2020-03-17,2020,3,17
547,3.15,3.19,2.78,2.88,25474500,2020-03-18,2020,3,18
548,2.8,3.2,2.6,3.04,22136500,2020-03-19,2020,3,19
549,3.28,3.28,2.95,2.99,23415000,2020-03-20,2020,3,20
582,2.86,2.89,2.82,2.83,1282000,2020-05-08,2020,5,8
583,2.84,2.91,2.82,2.89,4066500,2020-05-11,2020,5,11
552,2.83,3.0,2.73,2.75,21632000,2020-03-26,2020,3,26
553,2.79,2.83,2.68,2.71,41173000,2020-03-27,2020,3,27
554,2.71,2.71,2.6,2.65,34974000,2020-03-30,2020,3,30
555,2.71,2.85,2.68,2.83,16823500,2020-03-31,2020,3,31
556,2.88,2.88,2.75,2.8,8561500,2020-04-01,2020,4,1
557,2.79,3.04,2.77,2.99,20586500,2020-04-02,2020,4,2
558,3.0,3.09,2.93,2.99,12385500,2020-04-03,2020,4,3
559,3.0,3.02,2.75,2.76,17013000,2020-04-06,2020,4,6
560,2.8,2.84,2.74,2.79,8675500,2020-04-07,2020,4,7
561,2.83,2.85,2.73,2.81,5468500,2020-04-08,2020,4,8
562,2.85,2.95,2.85,2.88,11128500,2020-04-09,2020,4,9
563,2.93,2.99,2.88,2.9,10549500,2020-04-10,2020,4,10
564,2.9,2.91,2.78,2.8,6394000,2020-04-13,2020,4,13
565,2.84,2.84,2.76,2.79,7474500,2020-04-14,2020,4,14
598,3.06,3.12,3.02,3.08,1234500,2020-06-05,2020,6,5
599,3.08,3.13,3.08,3.11,1565000,2020-06-08,2020,6,8
568,3.06,3.16,3.01,3.09,23239000,2020-04-17,2020,4,17
569,3.17,3.19,3.0,3.05,13706000,2020-04-20,2020,4,20
570,2.93,3.03,2.89,2.91,9042500,2020-04-21,2020,4,21
571,2.93,2.94,2.86,2.92,4585000,2020-04-22,2020,4,22
572,2.95,3.03,2.9,2.92,3080000,2020-04-23,2020,4,23
573,2.9,2.94,2.88,2.9,1939500,2020-04-24,2020,4,24
574,2.88,2.94,2.84,2.9,3107000,2020-04-27,2020,4,27
575,2.94,2.96,2.88,2.9,981500,2020-04-28,2020,4,28
576,2.9,2.95,2.9,2.93,1985500,2020-04-29,2020,4,29
577,2.97,3.02,2.96,3.01,8387000,2020-04-30,2020,4,30
578,3.0,3.0,2.88,2.9,10370500,2020-05-04,2020,5,4
579,2.91,2.95,2.86,2.87,8046500,2020-05-05,2020,5,5
580,2.9,2.91,2.86,2.88,5787000,2020-05-06,2020,5,6
581,2.9,2.9,2.82,2.85,5899000,2020-05-07,2020,5,7
614,2.9,2.95,2.85,2.87,2076500,2020-06-29,2020,6,29
615,2.95,3.05,2.91,3.01,9239500,2020-06-30,2020,6,30
584,2.9,2.96,2.9,2.95,3923000,2020-05-12,2020,5,12
585,2.93,3.0,2.91,2.97,4585000,2020-05-13,2020,5,13
586,2.93,3.0,2.93,2.96,4607500,2020-05-14,2020,5,14
587,3.0,3.09,2.96,3.06,12218500,2020-05-15,2020,5,15
588,3.1,3.22,3.07,3.12,17952500,2020-05-18,2020,5,18
589,3.16,3.22,3.13,3.2,9669500,2020-05-19,2020,5,19
590,3.2,3.2,3.07,3.1,4934500,2020-05-20,2020,5,20
591,3.1,3.15,3.08,3.1,7120000,2020-05-21,2020,5,21
592,3.14,3.14,3.02,3.05,3466000,2020-05-28,2020,5,28
593,3.09,3.18,3.06,3.16,5263500,2020-05-29,2020,5,29
594,3.15,3.22,3.11,3.13,2995000,2020-06-01,2020,6,1
595,3.18,3.2,3.14,3.16,5412500,2020-06-02,2020,6,2
596,3.18,3.2,3.14,3.14,3097000,2020-06-03,2020,6,3
597,3.14,3.15,3.03,3.05,4548000,2020-06-04,2020,6,4
630,3.26,3.3,3.18,3.19,14134500,2020-07-21,2020,7,21
631,3.22,3.23,3.13,3.16,12501500,2020-07-22,2020,7,22
600,3.13,3.13,3.07,3.09,1216000,2020-06-09,2020,6,9
601,3.1,3.11,3.06,3.07,3050500,2020-06-10,2020,6,10
602,3.05,3.15,3.05,3.07,3986000,2020-06-11,2020,6,11
603,3.1,3.1,3.02,3.04,4787000,2020-06-12,2020,6,12
604,3.02,3.06,2.98,2.98,5578500,2020-06-15,2020,6,15
605,3.01,3.02,2.96,3.01,1984000,2020-06-16,2020,6,16
606,3.0,3.08,2.97,2.98,4920000,2020-06-17,2020,6,17
607,2.99,3.0,2.88,2.91,5078000,2020-06-18,2020,6,18
608,2.92,2.95,2.83,2.84,9130500,2020-06-19,2020,6,19
609,2.9,2.97,2.88,2.96,2095000,2020-06-22,2020,6,22
610,2.98,3.0,2.91,2.94,1831500,2020-06-23,2020,6,23
611,2.98,2.98,2.85,2.9,8574500,2020-06-24,2020,6,24
612,2.88,2.91,2.86,2.9,6736000,2020-06-25,2020,6,25
613,2.95,2.99,2.87,2.89,5273000,2020-06-26,2020,6,26
646,3.84,3.89,3.76,3.83,7632000,2020-08-13,2020,8,13
647,3.85,4.01,3.84,3.93,15483500,2020-08-17,2020,8,17
616,3.15,3.37,3.13,3.28,39105500,2020-07-01,2020,7,1
617,3.31,3.36,3.16,3.18,11641000,2020-07-02,2020,7,2
618,3.2,3.28,3.16,3.18,7531500,2020-07-03,2020,7,3
619,3.25,3.33,3.21,3.23,6139000,2020-07-06,2020,7,6
620,3.25,3.26,3.18,3.23,5136500,2020-07-07,2020,7,7
621,3.23,3.25,3.17,3.2,5122500,2020-07-08,2020,7,8
622,3.2,3.23,3.15,3.18,6302500,2020-07-09,2020,7,9
623,3.14,3.24,3.14,3.19,4184500,2020-07-10,2020,7,10
624,3.17,3.2,3.11,3.15,13011000,2020-07-13,2020,7,13
625,3.14,3.46,3.11,3.39,39266000,2020-07-14,2020,7,14
626,3.41,3.43,3.26,3.27,5554500,2020-07-15,2020,7,15
627,3.35,3.35,3.27,3.32,5299000,2020-07-16,2020,7,16
628,3.32,3.33,3.21,3.31,8126500,2020-07-17,2020,7,17
629,3.31,3.35,3.22,3.3,15493000,2020-07-20,2020,7,20
662,4.3,4.4,4.15,4.18,24308000,2020-09-07,2020,9,7
663,4.19,4.28,4.1,4.11,32126500,2020-09-08,2020,9,8
632,3.2,3.28,3.14,3.24,20881000,2020-07-23,2020,7,23
633,3.15,3.2,3.15,3.16,16837500,2020-07-24,2020,7,24
634,3.19,3.2,3.13,3.16,5104500,2020-07-27,2020,7,27
635,3.16,3.24,3.16,3.2,5750000,2020-07-28,2020,7,28
636,3.23,3.67,3.23,3.51,73290000,2020-07-29,2020,7,29
637,3.57,3.6,3.46,3.49,6974500,2020-07-30,2020,7,30
638,3.53,3.72,3.5,3.63,23026000,2020-08-03,2020,8,3
639,3.65,3.69,3.54,3.56,11574000,2020-08-04,2020,8,4
640,3.56,3.61,3.5,3.57,7095500,2020-08-05,2020,8,5
641,3.56,3.91,3.55,3.84,37758000,2020-08-06,2020,8,6
642,3.85,3.89,3.75,3.79,13298500,2020-08-07,2020,8,7
643,3.8,3.87,3.65,3.68,13515500,2020-08-10,2020,8,10
644,3.75,3.99,3.68,3.88,36002000,2020-08-11,2020,8,11
645,3.95,4.02,3.81,3.83,16319500,2020-08-12,2020,8,12
678,4.21,4.28,4.16,4.23,21172500,2020-09-29,2020,9,29
679,4.25,4.35,4.17,4.21,24761000,2020-09-30,2020,9,30
648,3.95,3.95,3.78,3.82,17736000,2020-08-18,2020,8,18
649,3.87,3.89,3.8,3.87,7341500,2020-08-19,2020,8,19
650,3.85,3.85,3.78,3.8,5345000,2020-08-20,2020,8,20
651,3.8,3.8,3.68,3.71,8565500,2020-08-21,2020,8,21
652,3.72,3.74,3.66,3.71,2900500,2020-08-24,2020,8,24
653,3.71,3.81,3.7,3.79,5816500,2020-08-25,2020,8,25
654,3.8,3.86,3.78,3.8,4617000,2020-08-26,2020,8,26
655,3.83,4.05,3.83,3.88,28446000,2020-08-27,2020,8,27
656,3.9,3.96,3.85,3.88,3162000,2020-08-28,2020,8,28
657,3.87,3.92,3.83,3.85,4311000,2020-08-31,2020,8,31
658,3.94,4.12,3.91,4.07,26462000,2020-09-01,2020,9,1
659,4.11,4.37,4.02,4.3,54009500,2020-09-02,2020,9,2
660,4.42,4.54,4.25,4.33,41810000,2020-09-03,2020,9,3
661,4.38,4.4,4.2,4.29,23596500,2020-09-04,2020,9,4
694,4.1,4.15,3.95,3.97,12561500,2020-10-21,2020,10,21
695,3.99,4.09,3.84,3.9,5119500,2020-10-22,2020,10,22
664,4.09,4.18,4.03,4.13,19127000,2020-09-09,2020,9,9
665,4.14,4.28,4.14,4.17,37295500,2020-09-10,2020,9,10
666,4.21,4.37,4.2,4.24,20730000,2020-09-11,2020,9,11
667,4.24,4.32,4.08,4.1,12971000,2020-09-14,2020,9,14
668,4.14,4.21,4.05,4.12,54037500,2020-09-15,2020,9,15
669,4.15,4.24,3.99,4.07,70582000,2020-09-16,2020,9,16
670,4.09,4.16,4.07,4.09,19722000,2020-09-17,2020,9,17
671,4.15,4.34,4.1,4.28,35377500,2020-09-18,2020,9,18
672,4.3,4.47,4.22,4.25,29596000,2020-09-21,2020,9,21
673,4.24,4.3,4.09,4.13,28579000,2020-09-22,2020,9,22
674,4.13,4.28,4.09,4.21,14590500,2020-09-23,2020,9,23
675,4.2,4.31,4.14,4.18,40527500,2020-09-24,2020,9,24
676,4.2,4.25,4.1,4.22,17541500,2020-09-25,2020,9,25
677,4.32,4.37,4.17,4.21,30213000,2020-09-28,2020,9,28
710,3.54,3.63,3.53,3.57,13110500,2020-11-13,2020,11,13
711,3.63,3.91,3.63,3.75,24905000,2020-11-16,2020,11,16
680,4.21,4.22,4.1,4.15,28892000,2020-10-01,2020,10,1
681,4.1,4.28,4.0,4.04,35084000,2020-10-02,2020,10,2
682,4.04,4.04,3.68,3.75,29159500,2020-10-05,2020,10,5
683,3.81,3.9,3.72,3.83,12087000,2020-10-06,2020,10,6
684,3.83,3.92,3.78,3.87,6856500,2020-10-07,2020,10,7
685,3.9,3.9,3.75,3.83,5237000,2020-10-08,2020,10,8
686,3.86,3.87,3.73,3.74,5316000,2020-10-09,2020,10,9
687,3.8,3.89,3.67,3.74,13187500,2020-10-12,2020,10,12
688,3.94,4.0,3.77,3.86,15629500,2020-10-13,2020,10,13
689,3.84,3.89,3.71,3.79,5203000,2020-10-14,2020,10,14
690,3.82,3.82,3.75,3.78,3501500,2020-10-15,2020,10,15
691,3.85,3.88,3.76,3.83,4445500,2020-10-16,2020,10,16
692,3.84,3.92,3.76,3.77,5421500,2020-10-19,2020,10,19
693,3.84,4.18,3.82,4.04,21059500,2020-10-20,2020,10,20
726,3.72,3.75,3.66,3.66,2853500,2020-12-07,2020,12,7
727,3.7,3.7,3.63,3.64,2548500,2020-12-08,2020,12,8
696,3.92,3.95,3.83,3.88,3203000,2020-10-23,2020,10,23
697,3.91,3.95,3.87,3.92,3443500,2020-10-26,2020,10,26
698,3.93,3.95,3.84,3.85,4344500,2020-10-27,2020,10,27
699,3.86,3.86,3.77,3.83,2915000,2020-10-28,2020,10,28
700,3.8,3.8,3.6,3.73,12529000,2020-10-29,2020,10,29
701,3.7,3.85,3.56,3.75,12000500,2020-11-02,2020,11,2
702,3.8,3.89,3.75,3.87,5953500,2020-11-03,2020,11,3
703,3.88,3.93,3.7,3.74,6856500,2020-11-04,2020,11,4
704,3.82,3.83,3.7,3.81,5390500,2020-11-05,2020,11,5
705,3.89,3.89,3.72,3.74,3184000,2020-11-06,2020,11,6
706,3.75,3.76,3.69,3.71,1383500,2020-11-09,2020,11,9
707,3.76,3.8,3.68,3.69,3948000,2020-11-10,2020,11,10
708,3.7,3.73,3.55,3.57,16423000,2020-11-11,2020,11,11
709,3.68,3.68,3.53,3.55,9404500,2020-11-12,2020,11,12
742,4.02,4.09,3.9,3.96,14614000,2020-12-30,2020,12,30
743,3.98,4.0,3.9,3.91,10726500,2020-12-31,2020,12,31
712,3.8,3.8,3.72,3.73,3610500,2020-11-17,2020,11,17
713,3.73,3.73,3.65,3.68,5647000,2020-11-18,2020,11,18
714,3.68,3.73,3.65,3.66,988000,2020-11-19,2020,11,19
715,3.66,3.68,3.61,3.65,2906500,2020-11-20,2020,11,20
716,3.62,3.62,3.53,3.59,4259500,2020-11-23,2020,11,23
717,3.59,3.65,3.58,3.6,3512000,2020-11-24,2020,11,24
718,3.6,3.72,3.6,3.69,6781500,2020-11-25,2020,11,25
719,3.73,3.76,3.69,3.75,2250500,2020-11-26,2020,11,26
720,3.75,3.92,3.7,3.76,23109000,2020-11-27,2020,11,27
721,3.75,3.75,3.63,3.65,19590500,2020-11-30,2020,11,30
722,3.67,3.73,3.65,3.69,5128000,2020-12-01,2020,12,1
723,3.73,3.79,3.7,3.75,4240500,2020-12-02,2020,12,2
724,3.75,3.77,3.68,3.69,3277000,2020-12-03,2020,12,3
725,3.7,3.76,3.64,3.72,18745500,2020-12-04,2020,12,4
502,4.64,4.7,4.5,4.52,13576500,2020-01-14,2020,1,14
503,4.55,4.55,4.44,4.46,5023000,2020-01-15,2020,1,15
770,4.48,4.51,4.41,4.45,8473000,2021-02-09,2021,2,9
744,3.91,4.03,3.9,3.92,17847500,2021-01-01,2021,1,1
745,3.96,3.98,3.87,3.89,5215500,2021-01-04,2021,1,4
746,3.89,3.95,3.82,3.86,6198500,2021-01-05,2021,1,5
759,4.28,4.33,4.07,4.11,54062500,2021-01-22,2021,1,22
760,4.15,4.29,4.12,4.13,36610000,2021-01-25,2021,1,25
761,4.15,4.17,4.09,4.11,22538500,2021-01-26,2021,1,26
762,4.1,4.16,4.09,4.1,11532000,2021-01-27,2021,1,27
763,4.13,4.14,4.05,4.09,31212500,2021-01-28,2021,1,28
764,4.1,4.54,4.1,4.39,141575000,2021-01-29,2021,1,29
765,4.49,4.65,4.47,4.52,65107000,2021-02-01,2021,2,1
766,4.5,4.67,4.46,4.49,34216500,2021-02-02,2021,2,2
767,4.65,4.71,4.6,4.67,59324500,2021-02-03,2021,2,3
768,4.63,4.7,4.52,4.56,19245500,2021-02-04,2021,2,4
769,4.56,4.58,4.42,4.46,12233000,2021-02-08,2021,2,8
752,4.48,4.58,4.23,4.27,110622500,2021-01-13,2021,1,13
771,4.5,4.66,4.43,4.54,106876000,2021-02-10,2021,2,10
772,4.58,4.58,4.26,4.33,47091000,2021-02-11,2021,2,11
773,4.3,4.35,4.23,4.25,5786000,2021-02-12,2021,2,12
774,4.31,4.35,4.15,4.17,11990000,2021-02-15,2021,2,15
775,4.2,4.23,4.15,4.16,8411000,2021-02-16,2021,2,16
776,4.15,4.25,4.14,4.15,15512000,2021-02-17,2021,2,17
777,4.19,4.19,4.09,4.1,29300500,2021-02-18,2021,2,18
778,4.13,4.2,4.08,4.12,18588000,2021-02-19,2021,2,19
779,4.11,4.17,4.05,4.07,13037000,2021-02-22,2021,2,22
780,4.12,4.19,4.08,4.13,11452000,2021-02-23,2021,2,23
781,4.13,4.14,4.02,4.04,8465500,2021-02-24,2021,2,24
782,4.05,4.27,4.03,4.18,32179000,2021-02-25,2021,2,25
783,4.25,4.25,4.11,4.18,9323000,2021-02-26,2021,2,26
784,4.17,4.17,4.03,4.07,9207000,2021-03-01,2021,3,1
785,4.1,4.15,4.05,4.12,8400000,2021-03-02,2021,3,2
786,4.14,4.17,4.1,4.13,8866000,2021-03-03,2021,3,3
787,4.01,4.05,3.94,3.96,33106000,2021-03-04,2021,3,4
788,4.0,4.03,3.94,4.0,8126000,2021-03-05,2021,3,5
789,4.09,4.09,3.9,3.92,10355500,2021-03-08,2021,3,8
790,3.94,3.95,3.83,3.87,13915500,2021-03-09,2021,3,9
791,3.9,3.93,3.84,3.85,7559000,2021-03-10,2021,3,10
792,3.88,3.88,3.66,3.74,17168000,2021-03-11,2021,3,11
793,3.82,3.9,3.7,3.87,5036000,2021-03-12,2021,3,12
794,3.97,4.01,3.92,3.99,18736000,2021-03-15,2021,3,15
795,4.08,4.08,3.91,3.97,3992500,2021-03-16,2021,3,16
796,4.05,4.16,3.97,4.1,13287500,2021-03-17,2021,3,17
797,4.19,4.28,4.1,4.12,49488500,2021-03-18,2021,3,18
798,4.13,4.3,4.06,4.26,38243500,2021-03-19,2021,3,19
799,4.3,4.35,4.2,4.22,14675000,2021-03-22,2021,3,22
800,4.22,4.28,4.15,4.17,3011500,2021-03-24,2021,3,24
801,4.25,4.25,4.12,4.14,7633000,2021-03-25,2021,3,25
802,4.2,4.24,4.08,4.1,8075500,2021-03-26,2021,3,26
803,4.15,4.15,3.95,3.98,11930000,2021-03-29,2021,3,29
804,4.0,4.0,3.93,3.97,4552000,2021-03-30,2021,3,30
805,3.99,4.05,3.96,3.98,6500500,2021-03-31,2021,3,31
806,4.06,4.08,3.9,3.94,6779500,2021-04-01,2021,4,1
807,3.98,3.98,3.92,3.93,1999000,2021-04-02,2021,4,2
808,3.92,3.99,3.84,3.86,3868500,2021-04-05,2021,4,5
809,3.93,3.94,3.79,3.84,9965500,2021-04-06,2021,4,6
810,3.89,3.89,3.79,3.82,2840000,2021-04-07,2021,4,7
811,3.85,3.89,3.8,3.86,2194500,2021-04-08,2021,4,8
812,3.89,3.89,3.8,3.85,3071000,2021-04-09,2021,4,9
813,3.9,3.9,3.82,3.83,2154000,2021-04-12,2021,4,12
814,3.83,3.85,3.78,3.81,2118000,2021-04-13,2021,4,13
815,3.8,3.93,3.78,3.8,6866000,2021-04-14,2021,4,14
816,3.82,3.85,3.77,3.78,2500500,2021-04-15,2021,4,15
817,3.78,3.8,3.77,3.78,671000,2021-04-16,2021,4,16
818,3.76,3.83,3.76,3.78,6553500,2021-04-19,2021,4,19
819,3.8,3.84,3.78,3.82,2060000,2021-04-20,2021,4,20
820,3.85,3.85,3.75,3.76,3596000,2021-04-21,2021,4,21
821,3.76,3.8,3.72,3.74,6374000,2021-04-22,2021,4,22
822,3.72,3.75,3.69,3.72,2290500,2021-04-23,2021,4,23
823,3.7,3.72,3.64,3.65,6581000,2021-04-26,2021,4,26
824,3.77,3.77,3.59,3.61,9820000,2021-04-27,2021,4,27
825,3.64,3.75,3.64,3.68,3611500,2021-04-28,2021,4,28
826,3.68,3.68,3.6,3.63,2816000,2021-04-29,2021,4,29
827,3.6,3.67,3.56,3.6,11072500,2021-04-30,2021,4,30
828,3.62,3.62,3.55,3.57,2805500,2021-05-03,2021,5,3
829,3.56,3.6,3.55,3.6,1955500,2021-05-04,2021,5,4
830,3.64,3.73,3.6,3.68,4346500,2021-05-05,2021,5,5
831,3.74,3.74,3.65,3.69,2293500,2021-05-06,2021,5,6
832,3.9,4.05,3.86,3.99,38306000,2021-05-17,2021,5,17
833,4.01,4.01,3.88,3.9,12775000,2021-05-18,2021,5,18
834,4.02,4.26,4.02,4.11,65424500,2021-05-19,2021,5,19
835,4.13,4.3,4.12,4.18,48238000,2021-05-20,2021,5,20
836,4.19,4.33,4.13,4.24,39830500,2021-05-21,2021,5,21
837,4.23,4.24,4.13,4.15,10345500,2021-05-24,2021,5,24
838,4.14,4.15,4.07,4.09,6222500,2021-05-25,2021,5,25
839,4.09,4.23,4.01,4.16,19612000,2021-05-26,2021,5,26
840,4.27,4.44,4.21,4.27,75177500,2021-05-27,2021,5,27
841,4.3,4.35,4.22,4.25,16020500,2021-05-28,2021,5,28
842,4.3,4.3,4.13,4.18,33935500,2021-05-31,2021,5,31
843,4.2,4.25,4.11,4.16,21445500,2021-06-01,2021,6,1
844,4.13,4.17,4.09,4.1,18739000,2021-06-02,2021,6,2
845,4.1,4.14,4.07,4.09,10907500,2021-06-03,2021,6,3
846,4.11,4.13,4.05,4.08,11846500,2021-06-04,2021,6,4
847,4.17,4.19,4.06,4.08,13305500,2021-06-07,2021,6,7
848,4.1,4.26,4.06,4.15,20816500,2021-06-08,2021,6,8
849,4.18,4.36,4.13,4.22,59628000,2021-06-09,2021,6,9
850,4.25,4.36,4.21,4.22,49097500,2021-06-10,2021,6,10
851,4.22,4.3,4.17,4.19,29912000,2021-06-11,2021,6,11
852,4.25,4.31,4.15,4.24,28725000,2021-06-14,2021,6,14
853,4.26,4.83,4.25,4.69,312971000,2021-06-15,2021,6,15
854,4.82,4.88,4.43,4.47,114968500,2021-06-16,2021,6,16
855,4.46,4.57,4.29,4.36,57436500,2021-06-17,2021,6,17
856,4.37,4.37,4.28,4.3,32301500,2021-06-18,2021,6,18
857,4.28,4.32,4.17,4.19,24002500,2021-06-21,2021,6,21
858,4.24,4.25,4.11,4.12,37405500,2021-06-22,2021,6,22
859,4.14,4.25,4.11,4.16,23641000,2021-06-23,2021,6,23
860,4.17,4.22,4.1,4.12,15439500,2021-06-24,2021,6,24
861,4.11,4.13,4.05,4.09,28549000,2021-06-25,2021,6,25
862,4.15,4.15,4.03,4.04,28314000,2021-06-28,2021,6,28
863,4.06,4.16,4.05,4.13,7074500,2021-06-29,2021,6,29
864,4.18,4.24,4.14,4.18,14860500,2021-06-30,2021,6,30
865,4.14,4.21,4.11,4.15,8627500,2021-07-01,2021,7,1
866,4.18,4.19,4.05,4.07,12296500,2021-07-02,2021,7,2
867,4.09,4.09,3.99,4.01,29472500,2021-07-05,2021,7,5
868,4.05,4.07,3.96,3.98,11188000,2021-07-06,2021,7,6
869,4.0,4.03,3.92,3.93,15037500,2021-07-07,2021,7,7
870,3.93,4.1,3.93,4.02,11649000,2021-07-08,2021,7,8
871,4.01,4.02,3.94,3.96,7944000,2021-07-09,2021,7,9
872,3.96,3.98,3.9,3.91,9665000,2021-07-12,2021,7,12
873,3.9,3.94,3.88,3.9,6929500,2021-07-13,2021,7,13
874,3.88,3.93,3.83,3.91,18951500,2021-07-14,2021,7,14
875,3.91,4.1,3.88,4.06,38930500,2021-07-15,2021,7,15
876,4.06,4.09,3.97,3.99,6741500,2021-07-16,2021,7,16
877,3.99,4.01,3.91,4.0,6092000,2021-07-19,2021,7,19
878,4.0,4.0,3.93,3.97,9206000,2021-07-23,2021,7,23
879,3.99,4.0,3.92,3.93,3099500,2021-07-26,2021,7,26
880,3.9,4.0,3.87,3.89,13093500,2021-07-27,2021,7,27
881,3.89,3.95,3.85,3.88,11616500,2021-07-28,2021,7,28
882,3.88,3.9,3.81,3.82,6512500,2021-07-29,2021,7,29
883,3.88,3.88,3.78,3.81,7296000,2021-07-30,2021,7,30
884,3.81,3.9,3.8,3.88,3107500,2021-08-02,2021,8,2
885,3.86,3.95,3.85,3.9,5177000,2021-08-03,2021,8,3
886,3.91,3.94,3.85,3.88,5700000,2021-08-04,2021,8,4
887,3.9,3.93,3.84,3.85,7033000,2021-08-05,2021,8,5
888,3.92,3.92,3.84,3.85,3381500,2021-08-06,2021,8,6
889,3.88,3.96,3.84,3.84,9981000,2021-08-09,2021,8,9
890,3.84,3.86,3.8,3.81,7472000,2021-08-10,2021,8,10
891,3.85,3.86,3.8,3.81,5575000,2021-08-11,2021,8,11
892,3.8,3.85,3.77,3.79,2063500,2021-08-12,2021,8,12
893,3.78,3.84,3.76,3.79,2279000,2021-08-13,2021,8,13
894,3.79,3.79,3.71,3.76,5121000,2021-08-16,2021,8,16
895,3.76,3.82,3.74,3.75,2683500,2021-08-17,2021,8,17
896,3.8,3.83,3.75,3.8,3005500,2021-08-20,2021,8,20
897,3.8,3.87,3.76,3.85,4582000,2021-08-23,2021,8,23
898,3.88,3.88,3.8,3.8,4826500,2021-08-24,2021,8,24
899,3.85,3.85,3.77,3.78,3523000,2021-08-25,2021,8,25
900,3.8,3.82,3.7,3.72,3969500,2021-08-26,2021,8,26
901,3.7,3.75,3.65,3.7,26430500,2021-08-27,2021,8,27
902,3.8,3.8,3.7,3.72,2605500,2021-08-30,2021,8,30
903,3.72,3.75,3.7,3.71,2982500,2021-08-31,2021,8,31
904,3.7,3.76,3.69,3.72,4012500,2021-09-01,2021,9,1
905,3.72,3.75,3.66,3.68,2253500,2021-09-02,2021,9,2
906,3.68,3.73,3.65,3.68,2235000,2021-09-03,2021,9,3
907,3.75,3.75,3.64,3.65,2121500,2021-09-06,2021,9,6
908,3.69,3.69,3.61,3.63,4270000,2021-09-07,2021,9,7
909,3.63,3.67,3.58,3.63,21301000,2021-09-08,2021,9,8
910,3.69,3.7,3.62,3.65,5523000,2021-09-09,2021,9,9
911,3.63,3.69,3.63,3.65,2072500,2021-09-10,2021,9,10
912,3.7,3.76,3.66,3.68,4587500,2021-09-13,2021,9,13
913,3.68,3.68,3.5,3.54,10853000,2021-09-14,2021,9,14
914,3.55,3.58,3.51,3.57,5144000,2021-09-15,2021,9,15
915,3.57,3.63,3.56,3.61,2504500,2021-09-16,2021,9,16
916,3.61,3.65,3.56,3.59,5417000,2021-09-17,2021,9,17
917,3.59,3.59,3.53,3.54,5133500,2021-09-20,2021,9,20
918,3.54,3.56,3.49,3.51,8263000,2021-09-21,2021,9,21
919,3.55,3.55,3.37,3.49,8681500,2021-09-22,2021,9,22
920,3.51,3.51,3.28,3.4,13162000,2021-09-23,2021,9,23
921,3.32,3.46,3.22,3.25,14915000,2021-09-24,2021,9,24
922,3.24,3.3,3.2,3.24,4040500,2021-09-27,2021,9,27
923,3.29,3.5,3.26,3.41,5915000,2021-09-28,2021,9,28
924,3.4,3.4,3.28,3.31,1826500,2021-09-29,2021,9,29
925,3.31,4.31,3.1,4.0,32484500,2021-09-30,2021,9,30
926,3.68,3.74,3.58,3.62,9961500,2021-10-01,2021,10,1
927,3.6,3.6,3.52,3.56,1358500,2021-10-04,2021,10,4
928,3.57,3.57,3.45,3.46,3690000,2021-10-05,2021,10,5
929,3.48,3.48,3.39,3.42,1476500,2021-10-06,2021,10,6
930,3.45,3.5,3.39,3.4,2102500,2021-10-07,2021,10,7
931,3.4,3.44,3.32,3.41,522000,2021-10-08,2021,10,8
932,3.37,3.4,3.3,3.32,2316500,2021-10-11,2021,10,11
933,3.31,3.44,3.3,3.37,2350000,2021-10-12,2021,10,12
934,3.35,3.45,3.32,3.36,2370000,2021-10-13,2021,10,13
935,3.32,3.53,3.32,3.45,7876000,2021-10-14,2021,10,14
936,3.42,3.51,3.42,3.48,4180000,2021-10-15,2021,10,15
937,3.45,3.5,3.4,3.41,1431500,2021-10-18,2021,10,18
938,3.43,3.51,3.41,3.45,1710500,2021-10-20,2021,10,20
939,3.44,3.5,3.38,3.4,2286000,2021-10-21,2021,10,21
940,3.37,3.43,3.36,3.41,1984000,2021-10-22,2021,10,22
941,3.34,3.43,3.34,3.39,1019500,2021-10-25,2021,10,25
942,3.38,3.43,3.35,3.36,1805500,2021-10-26,2021,10,26
943,3.43,3.53,3.42,3.5,1775500,2021-10-27,2021,10,27
944,3.5,3.56,3.49,3.54,2034500,2021-10-28,2021,10,28
945,3.54,3.54,3.42,3.49,2480500,2021-10-29,2021,10,29
946,3.46,3.57,3.43,3.49,5168500,2021-11-01,2021,11,1
947,3.5,3.52,3.45,3.47,1334500,2021-11-02,2021,11,2
948,3.47,3.63,3.45,3.6,5493000,2021-11-03,2021,11,3
949,3.58,3.7,3.58,3.67,5747500,2021-11-04,2021,11,4
950,3.7,3.7,3.6,3.62,2453000,2021-11-05,2021,11,5
951,3.62,3.68,3.55,3.57,1522500,2021-11-08,2021,11,8
952,3.52,3.6,3.48,3.52,4804500,2021-11-09,2021,11,9
953,3.5,3.6,3.46,3.55,5394000,2021-11-10,2021,11,10
954,3.53,3.64,3.49,3.5,3664500,2021-11-11,2021,11,11
955,3.5,3.53,3.46,3.5,2483000,2021-11-12,2021,11,12
956,3.41,3.49,3.33,3.35,3959500,2021-11-15,2021,11,15
957,3.35,3.42,3.35,3.41,2151500,2021-11-16,2021,11,16
958,3.41,3.46,3.35,3.37,2172000,2021-11-17,2021,11,17
959,3.43,3.45,3.31,3.35,1350000,2021-11-18,2021,11,18
960,3.33,3.6,3.32,3.4,4186500,2021-11-19,2021,11,19
961,3.4,3.4,3.31,3.33,3883500,2021-11-22,2021,11,22
962,3.4,3.4,3.27,3.28,2484500,2021-11-23,2021,11,23
963,3.29,3.3,3.21,3.25,2262500,2021-11-24,2021,11,24
964,3.29,3.3,3.17,3.19,3239000,2021-11-25,2021,11,25
965,3.29,3.29,3.16,3.19,4828500,2021-11-26,2021,11,26
966,3.17,3.25,3.16,3.23,662500,2021-11-29,2021,11,29
967,3.24,3.4,3.19,3.32,6190000,2021-11-30,2021,11,30
968,3.32,3.36,3.26,3.28,1218000,2021-12-01,2021,12,1
969,3.3,3.3,3.07,3.11,5115000,2021-12-02,2021,12,2
970,3.15,3.23,3.1,3.18,5629000,2021-12-03,2021,12,3
971,3.18,3.51,3.15,3.45,7561000,2021-12-06,2021,12,6
972,3.44,3.47,3.33,3.35,1638500,2021-12-07,2021,12,7
973,3.4,3.41,3.3,3.33,1890000,2021-12-08,2021,12,8
974,3.37,3.37,3.24,3.25,1007500,2021-12-09,2021,12,9
975,3.2,3.21,3.12,3.19,3644000,2021-12-10,2021,12,10
976,3.18,3.28,3.1,3.12,5446500,2021-12-13,2021,12,13
977,3.15,3.18,3.09,3.15,3623500,2021-12-14,2021,12,14
978,3.17,3.43,3.17,3.39,10096000,2021-12-15,2021,12,15
979,3.33,3.33,3.18,3.2,4291000,2021-12-16,2021,12,16
980,3.29,3.3,3.17,3.19,2658000,2021-12-17,2021,12,17
981,3.24,3.27,3.2,3.22,2470500,2021-12-20,2021,12,20
982,3.21,3.29,3.2,3.21,2199000,2021-12-21,2021,12,21
983,3.25,3.3,3.21,3.26,2658000,2021-12-22,2021,12,22
984,3.29,3.38,3.24,3.26,3742500,2021-12-23,2021,12,23
985,3.31,3.31,3.24,3.25,4869000,2021-12-24,2021,12,24
986,3.25,3.29,3.22,3.24,1765000,2021-12-27,2021,12,27
987,3.28,3.33,3.24,3.26,8591500,2021-12-28,2021,12,28
988,3.29,3.5,3.24,3.42,13551500,2021-12-29,2021,12,29
989,3.49,3.6,3.39,3.45,22927500,2021-12-30,2021,12,30
990,3.42,3.48,3.35,3.44,13121500,2021-12-31,2021,12,31
753,4.3,4.4,4.19,4.21,45688500,2021-01-14,2021,1,14
747,3.89,3.9,3.82,3.84,4918000,2021-01-06,2021,1,6
754,4.18,4.3,4.14,4.19,12121500,2021-01-15,2021,1,15
755,4.2,4.2,4.04,4.06,33013500,2021-01-18,2021,1,18
756,4.09,4.14,4.04,4.06,18889000,2021-01-19,2021,1,19
757,4.06,4.19,4.04,4.1,18219000,2021-01-20,2021,1,20
758,4.12,4.42,4.12,4.25,143822500,2021-01-21,2021,1,21
751,4.04,4.57,4.01,4.5,250242000,2021-01-12,2021,1,12
750,4.12,4.14,3.95,4.01,15183500,2021-01-11,2021,1,11
749,3.9,4.15,3.85,4.02,37178500,2021-01-08,2021,1,8
748,3.88,3.98,3.82,3.85,9146500,2021-01-07,2021,1,7
1074,2.85,2.85,2.64,2.67,6849000,2022-05-09,2022,5,9
1073,2.9,2.91,2.81,2.84,8822000,2022-04-28,2022,4,28
1072,2.91,2.93,2.88,2.9,4226500,2022-04-27,2022,4,27
1071,3.0,3.0,2.88,2.9,6426500,2022-04-26,2022,4,26
1070,3.0,3.04,2.96,2.96,4309000,2022-04-25,2022,4,25
1069,2.92,2.96,2.9,2.94,2474500,2022-04-22,2022,4,22
1068,3.0,3.0,2.91,2.92,6633000,2022-04-21,2022,4,21
1067,3.05,3.06,2.95,2.97,4453000,2022-04-20,2022,4,20
1066,3.1,3.13,3.01,3.02,4723000,2022-04-19,2022,4,19
1065,3.1,3.2,3.08,3.09,6124500,2022-04-18,2022,4,18
1064,3.12,3.14,3.08,3.12,4820500,2022-04-15,2022,4,15
1063,3.05,3.1,3.02,3.08,4445500,2022-04-14,2022,4,14
1089,2.66,2.7,2.66,2.66,1722000,2022-05-30,2022,5,30
1088,2.64,2.75,2.63,2.68,15469500,2022-05-27,2022,5,27
1087,2.52,2.59,2.51,2.58,5745000,2022-05-26,2022,5,26
1086,2.52,2.58,2.47,2.52,15143000,2022-05-25,2022,5,25
1085,2.51,2.54,2.49,2.5,4268000,2022-05-24,2022,5,24
1084,2.58,2.6,2.49,2.5,6123500,2022-05-23,2022,5,23
1083,2.59,2.7,2.53,2.58,19219500,2022-05-20,2022,5,20
1082,2.64,2.65,2.57,2.59,2651500,2022-05-19,2022,5,19
1081,2.6,2.63,2.52,2.6,2994500,2022-05-18,2022,5,18
1080,2.51,2.6,2.51,2.56,2918000,2022-05-17,2022,5,17
1014,3.3,3.44,3.25,3.26,7730500,2022-02-03,2022,2,3
1013,3.25,3.25,3.2,3.23,1374000,2022-02-02,2022,2,2
1012,3.18,3.25,3.18,3.23,3010000,2022-02-01,2022,2,1
1011,3.16,3.16,3.12,3.13,895000,2022-01-31,2022,1,31
1010,3.14,3.16,3.1,3.13,3099500,2022-01-28,2022,1,28
1009,3.11,3.13,3.08,3.11,6490500,2022-01-27,2022,1,27
1008,3.1,3.12,3.05,3.07,3291500,2022-01-26,2022,1,26
1007,3.15,3.15,3.07,3.09,4628500,2022-01-25,2022,1,25
1006,3.14,3.14,3.08,3.09,3145500,2022-01-24,2022,1,24
1005,3.13,3.17,3.1,3.1,3773000,2022-01-21,2022,1,21
1004,3.16,3.16,3.08,3.1,11450000,2022-01-20,2022,1,20
1003,3.26,3.26,3.14,3.16,3861000,2022-01-19,2022,1,19
1002,3.3,3.32,3.25,3.26,2048000,2022-01-18,2022,1,18
1001,3.31,3.32,3.26,3.27,2484500,2022-01-17,2022,1,17
1000,3.34,3.36,3.31,3.32,2720500,2022-01-14,2022,1,14
999,3.38,3.38,3.3,3.33,2190500,2022-01-13,2022,1,13
1030,3.17,3.33,3.17,3.28,5461000,2022-02-25,2022,2,25
1029,3.22,3.3,3.1,3.22,14456500,2022-02-24,2022,2,24
1028,3.25,3.35,3.2,3.26,2476000,2022-02-23,2022,2,23
1027,3.31,3.31,3.17,3.25,7408500,2022-02-22,2022,2,22
1026,3.44,3.44,3.27,3.3,8946500,2022-02-21,2022,2,21
1025,3.41,3.54,3.41,3.48,8799000,2022-02-18,2022,2,18
1024,3.55,3.55,3.41,3.47,8856000,2022-02-17,2022,2,17
1023,3.67,3.67,3.48,3.59,23646000,2022-02-16,2022,2,16
1022,3.43,3.57,3.37,3.53,22714500,2022-02-15,2022,2,15
1021,3.39,3.49,3.27,3.42,6439000,2022-02-14,2022,2,14
1020,3.23,3.59,3.24,3.42,11988500,2022-02-11,2022,2,11
1019,3.39,3.39,3.24,3.26,5218000,2022-02-10,2022,2,10
1018,3.34,3.49,3.34,3.38,13780000,2022-02-09,2022,2,9
1017,3.2,3.37,3.2,3.35,10169500,2022-02-08,2022,2,8
1016,3.24,3.24,3.17,3.18,2414500,2022-02-07,2022,2,7
1015,3.3,3.3,3.2,3.22,2483500,2022-02-04,2022,2,4
1046,2.99,3.03,2.93,2.98,2323500,2022-03-21,2022,3,21
1045,3.0,3.04,2.88,2.92,8827000,2022-03-18,2022,3,18
1044,3.01,3.07,2.97,3.02,4858500,2022-03-17,2022,3,17
1043,3.07,3.14,3.0,3.02,6643000,2022-03-16,2022,3,16
1042,3.03,3.07,2.99,3.03,2453500,2022-03-15,2022,3,15
1041,3.04,3.08,3.02,3.05,1017000,2022-03-14,2022,3,14
1040,3.06,3.09,3.03,3.08,2350000,2022-03-11,2022,3,11
1039,3.1,3.15,3.04,3.06,4782000,2022-03-10,2022,3,10
1038,3.03,3.13,3.02,3.08,4318500,2022-03-09,2022,3,9
1037,3.1,3.14,3.04,3.08,2408000,2022-03-08,2022,3,8
1036,3.18,3.18,3.04,3.09,4581000,2022-03-07,2022,3,7
1035,3.19,3.2,3.13,3.15,1600000,2022-03-04,2022,3,4
1034,3.2,3.28,3.1,3.2,7600000,2022-03-03,2022,3,3
1033,3.24,3.24,3.2,3.2,1081500,2022-03-02,2022,3,2
1032,3.3,3.34,3.22,3.26,5841000,2022-03-01,2022,3,1
1031,3.24,3.32,3.19,3.27,5003000,2022-02-28,2022,2,28
1062,3.06,3.19,3.03,3.06,17800000,2022-04-13,2022,4,13
1061,3.13,3.13,3.01,3.07,7524500,2022-04-12,2022,4,12
1060,3.02,3.13,3.02,3.1,11358000,2022-04-11,2022,4,11
1058,2.95,2.95,2.9,2.9,7698000,2022-04-07,2022,4,7
1057,2.92,2.97,2.9,2.91,5265000,2022-04-06,2022,4,6
1056,2.9,2.98,2.89,2.91,5705000,2022-04-05,2022,4,5
1055,3.0,3.08,2.88,2.92,16012000,2022-04-04,2022,4,4
1054,3.12,3.12,3.05,3.1,6072000,2022-04-01,2022,4,1
1053,3.11,3.22,2.92,3.14,56072000,2022-03-31,2022,3,31
1052,3.09,3.24,2.9,3.11,38419500,2022-03-30,2022,3,30
1051,3.06,3.16,3.0,3.11,11176000,2022-03-29,2022,3,29
1050,2.91,3.1,2.88,3.02,6608000,2022-03-28,2022,3,28
1049,2.93,2.94,2.9,2.91,5963000,2022-03-25,2022,3,25
1048,2.93,2.94,2.89,2.92,3167000,2022-03-24,2022,3,24
1047,2.94,3.0,2.9,2.93,3953500,2022-03-22,2022,3,22
998,3.37,3.39,3.3,3.34,5464500,2022-01-12,2022,1,12
997,3.39,3.39,3.29,3.32,5735000,2022-01-11,2022,1,11
996,3.33,3.35,3.3,3.32,1713000,2022-01-10,2022,1,10
995,3.33,3.34,3.27,3.32,1884000,2022-01-07,2022,1,7
994,3.38,3.38,3.28,3.3,5077500,2022-01-06,2022,1,6
993,3.4,3.42,3.36,3.38,2162500,2022-01-05,2022,1,5
992,3.31,3.49,3.3,3.42,6681000,2022-01-04,2022,1,4
991,3.39,3.39,3.3,3.32,6153000,2022-01-03,2022,1,3
1079,2.65,2.66,2.5,2.54,5205000,2022-05-16,2022,5,16
1078,2.58,2.71,2.57,2.66,1409500,2022-05-13,2022,5,13
1077,2.69,2.69,2.53,2.64,3209000,2022-05-12,2022,5,12
1090,2.64,2.7,2.61,2.62,1674000,2022-05-31,2022,5,31
1059,2.94,2.95,2.88,2.93,6916000,2022-04-08,2022,4,8
1076,2.7,2.7,2.51,2.6,6320500,2022-05-11,2022,5,11
1075,2.69,2.73,2.65,2.7,6111500,2022-05-10,2022,5,10
